-- MySQL dump 10.13  Distrib 5.6.27, for debian-linux-gnu (x86_64)
--
-- Host: localhost    Database: ProjektMovies
-- ------------------------------------------------------
-- Server version	5.6.27-0ubuntu1

/*!40101 SET @OLD_CHARACTER_SET_CLIENT=@@CHARACTER_SET_CLIENT */;
/*!40101 SET @OLD_CHARACTER_SET_RESULTS=@@CHARACTER_SET_RESULTS */;
/*!40101 SET @OLD_COLLATION_CONNECTION=@@COLLATION_CONNECTION */;
/*!40101 SET NAMES utf8 */;
/*!40103 SET @OLD_TIME_ZONE=@@TIME_ZONE */;
/*!40103 SET TIME_ZONE='+00:00' */;
/*!40014 SET @OLD_UNIQUE_CHECKS=@@UNIQUE_CHECKS, UNIQUE_CHECKS=0 */;
/*!40014 SET @OLD_FOREIGN_KEY_CHECKS=@@FOREIGN_KEY_CHECKS, FOREIGN_KEY_CHECKS=0 */;
/*!40101 SET @OLD_SQL_MODE=@@SQL_MODE, SQL_MODE='NO_AUTO_VALUE_ON_ZERO' */;
/*!40111 SET @OLD_SQL_NOTES=@@SQL_NOTES, SQL_NOTES=0 */;

--
-- Table structure for table `Accounts_user`
--

DROP TABLE IF EXISTS `Accounts_user`;
/*!40101 SET @saved_cs_client     = @@character_set_client */;
/*!40101 SET character_set_client = utf8 */;
CREATE TABLE `Accounts_user` (
  `id` int(11) NOT NULL AUTO_INCREMENT,
  `password` varchar(128) COLLATE utf8_polish_ci NOT NULL,
  `last_login` datetime(6) DEFAULT NULL,
  `email` varchar(254) COLLATE utf8_polish_ci NOT NULL,
  `first_name` varchar(50) COLLATE utf8_polish_ci NOT NULL,
  `last_name` varchar(50) COLLATE utf8_polish_ci NOT NULL,
  `joined` datetime(6) NOT NULL,
  `is_active` tinyint(1) NOT NULL,
  `is_admin` tinyint(1) NOT NULL,
  PRIMARY KEY (`id`),
  UNIQUE KEY `email` (`email`)
) ENGINE=InnoDB DEFAULT CHARSET=utf8 COLLATE=utf8_polish_ci;
/*!40101 SET character_set_client = @saved_cs_client */;

--
-- Dumping data for table `Accounts_user`
--

LOCK TABLES `Accounts_user` WRITE;
/*!40000 ALTER TABLE `Accounts_user` DISABLE KEYS */;
/*!40000 ALTER TABLE `Accounts_user` ENABLE KEYS */;
UNLOCK TABLES;

--
-- Table structure for table `Genres_genre`
--

DROP TABLE IF EXISTS `Genres_genre`;
/*!40101 SET @saved_cs_client     = @@character_set_client */;
/*!40101 SET character_set_client = utf8 */;
CREATE TABLE `Genres_genre` (
  `id` int(11) NOT NULL AUTO_INCREMENT,
  `name` varchar(30) COLLATE utf8_polish_ci NOT NULL,
  `description` longtext COLLATE utf8_polish_ci NOT NULL,
  PRIMARY KEY (`id`)
) ENGINE=InnoDB AUTO_INCREMENT=9 DEFAULT CHARSET=utf8 COLLATE=utf8_polish_ci;
/*!40101 SET character_set_client = @saved_cs_client */;

--
-- Dumping data for table `Genres_genre`
--

LOCK TABLES `Genres_genre` WRITE;
/*!40000 ALTER TABLE `Genres_genre` DISABLE KEYS */;
INSERT INTO `Genres_genre` VALUES (1,'Drama','Odmiana fabularnego dramatu filmowego, w którym akcja skupia się wokół jakiegoś problemu czy konfliktu obyczajowego.'),(2,'Crime','Brak opisu.'),(3,'Thiller','Brak opisu.'),(5,'SciFi','Awesome movies here'),(6,'Fantasy','Brak opisu.'),(7,'Adventure','Brak opisu.'),(8,'Action','Super fast actions.');
/*!40000 ALTER TABLE `Genres_genre` ENABLE KEYS */;
UNLOCK TABLES;

--
-- Table structure for table `Genres_moviegenre`
--

DROP TABLE IF EXISTS `Genres_moviegenre`;
/*!40101 SET @saved_cs_client     = @@character_set_client */;
/*!40101 SET character_set_client = utf8 */;
CREATE TABLE `Genres_moviegenre` (
  `id` int(11) NOT NULL AUTO_INCREMENT,
  `genre_id` int(11) NOT NULL,
  `for_movie_id` int(11) NOT NULL,
  PRIMARY KEY (`id`),
  KEY `Genres_moviegenre_genre_id_690271e57d37b727_fk_Genres_genre_id` (`genre_id`),
  KEY `Genres_moviegen_for_movie_id_28ceb283982e5290_fk_Movies_movie_id` (`for_movie_id`),
  CONSTRAINT `Genres_moviegen_for_movie_id_28ceb283982e5290_fk_Movies_movie_id` FOREIGN KEY (`for_movie_id`) REFERENCES `Movies_movie` (`id`),
  CONSTRAINT `Genres_moviegenre_genre_id_690271e57d37b727_fk_Genres_genre_id` FOREIGN KEY (`genre_id`) REFERENCES `Genres_genre` (`id`)
) ENGINE=InnoDB AUTO_INCREMENT=41 DEFAULT CHARSET=utf8 COLLATE=utf8_polish_ci;
/*!40101 SET character_set_client = @saved_cs_client */;

--
-- Dumping data for table `Genres_moviegenre`
--

LOCK TABLES `Genres_moviegenre` WRITE;
/*!40000 ALTER TABLE `Genres_moviegenre` DISABLE KEYS */;
INSERT INTO `Genres_moviegenre` VALUES (1,1,2),(2,2,3),(3,3,3),(4,1,4),(6,5,4),(7,6,5),(8,7,5),(9,6,6),(10,7,6),(11,6,7),(12,7,7),(13,6,8),(14,7,8),(15,6,9),(16,7,9),(17,6,10),(18,7,10),(19,7,11),(20,5,11),(21,7,12),(22,5,12),(23,5,13),(24,7,13),(25,7,14),(26,5,14),(27,5,15),(28,7,15),(29,5,16),(30,7,16),(31,8,17),(32,8,18),(33,7,18),(34,7,17),(35,7,19),(36,8,19),(37,5,20),(38,8,20),(39,1,21),(40,5,21);
/*!40000 ALTER TABLE `Genres_moviegenre` ENABLE KEYS */;
UNLOCK TABLES;

--
-- Table structure for table `Movies_commentmovie`
--

DROP TABLE IF EXISTS `Movies_commentmovie`;
/*!40101 SET @saved_cs_client     = @@character_set_client */;
/*!40101 SET character_set_client = utf8 */;
CREATE TABLE `Movies_commentmovie` (
  `id` int(11) NOT NULL AUTO_INCREMENT,
  `text` varchar(250) COLLATE utf8_polish_ci NOT NULL,
  `for_movie_id` int(11) NOT NULL,
  `user_id` int(11) NOT NULL,
  PRIMARY KEY (`id`),
  KEY `Movies_commentm_for_movie_id_718027e65558d52d_fk_Movies_movie_id` (`for_movie_id`),
  KEY `Movies_commentmovie_user_id_5bebbc57fdd88d77_fk_auth_user_id` (`user_id`),
  CONSTRAINT `Movies_commentm_for_movie_id_718027e65558d52d_fk_Movies_movie_id` FOREIGN KEY (`for_movie_id`) REFERENCES `Movies_movie` (`id`),
  CONSTRAINT `Movies_commentmovie_user_id_5bebbc57fdd88d77_fk_auth_user_id` FOREIGN KEY (`user_id`) REFERENCES `auth_user` (`id`)
) ENGINE=InnoDB AUTO_INCREMENT=15 DEFAULT CHARSET=utf8 COLLATE=utf8_polish_ci;
/*!40101 SET character_set_client = @saved_cs_client */;

--
-- Dumping data for table `Movies_commentmovie`
--

LOCK TABLES `Movies_commentmovie` WRITE;
/*!40000 ALTER TABLE `Movies_commentmovie` DISABLE KEYS */;
INSERT INTO `Movies_commentmovie` VALUES (1,'test',2,1),(2,'asdfafsdf',2,1),(3,'afdsafsd',2,1),(4,'fasasfd',2,1),(6,'Komentarz dla Shawshank',2,1),(7,'Bosze loffciam <3',2,11),(8,'sadas',2,1),(9,'vvvv',2,1),(10,'asdasdasdasd',2,1),(11,'I love this movie too!',2,12),(12,'This is very scary movie!!!',3,12),(13,'sample',2,12),(14,'Ekstra film!',21,1);
/*!40000 ALTER TABLE `Movies_commentmovie` ENABLE KEYS */;
UNLOCK TABLES;

--
-- Table structure for table `Movies_movie`
--

DROP TABLE IF EXISTS `Movies_movie`;
/*!40101 SET @saved_cs_client     = @@character_set_client */;
/*!40101 SET character_set_client = utf8 */;
CREATE TABLE `Movies_movie` (
  `id` int(11) NOT NULL AUTO_INCREMENT,
  `title` varchar(50) COLLATE utf8_polish_ci NOT NULL,
  `org_title` varchar(50) COLLATE utf8_polish_ci NOT NULL,
  `description` longtext COLLATE utf8_polish_ci NOT NULL,
  `duration` bigint(20) NOT NULL,
  `relase_date` date NOT NULL,
  `poster` varchar(200) COLLATE utf8_polish_ci NOT NULL,
  `trailer` varchar(200) COLLATE utf8_polish_ci NOT NULL,
  PRIMARY KEY (`id`),
  FULLTEXT KEY `title` (`title`),
  FULLTEXT KEY `title_2` (`title`),
  FULLTEXT KEY `title_3` (`title`),
  FULLTEXT KEY `title_4` (`title`)
) ENGINE=InnoDB AUTO_INCREMENT=22 DEFAULT CHARSET=utf8 COLLATE=utf8_polish_ci;
/*!40101 SET character_set_client = @saved_cs_client */;

--
-- Dumping data for table `Movies_movie`
--

LOCK TABLES `Movies_movie` WRITE;
/*!40000 ALTER TABLE `Movies_movie` DISABLE KEYS */;
INSERT INTO `Movies_movie` VALUES (2,'Skazani na Shawshank','The Shawshank Redemption','Adaptacja opowiadania Stephena Kinga. Historia niesłusznie skazanego na dożywocie bankiera, który musi przeżyć w brutalnym świecie rządzonym przez strażników i współwięźniów.',8520000000,'1994-09-10','http://1.fwcdn.pl/po/10/48/1048/6925401.3.jpg','https://www.youtube.com/embed/6hB3S9bIaco'),(3,'Siedem','Se7en','Dwóch policjantów stara się złapać seryjnego mordercę wybierającego swoje ofiary wg specjalnego \"klucza\".',7620000000,'1996-02-15','http://1.fwcdn.pl/po/07/02/702/6967799.3.jpg','https://www.youtube.com/embed/J4YV2_TcCoE'),(4,'Wojna światów','War of the Worlds','Ray z dwójką dzieci stara się przeżyć w czasie inwazji kosmitów na Ziemię.',6960000000,'2005-07-08','http://1.fwcdn.pl/po/70/25/127025/7535957.3.jpg','https://www.youtube.com/embed/msxe3yJPfyY'),(5,'Władca Pierścieni: Drużyna Pierścienia','The Lord of the Rings: The Fellowship of the Ring','Podróż hobbita z Shire i jego ośmiu towarzyszy, której celem jest zniszczenie potężnego pierścienia pożądanego przez Czarnego Władcę - Saurona.',10680000000,'2001-12-10','http://1.fwcdn.pl/po/10/65/1065/6900087.3.jpg','https://www.youtube.com/embed/aStYWD25fAQ'),(6,'Władca Pierścieni: Dwie wieże','The Lord of the Rings: The Two Towers','Drużyna Pierścienia zostaje rozbita, lecz zdesperowany Frodo za wszelką cenę chce wypełnić powierzone mu zadanie. Aragorn z towarzyszami przygotowuje się, by odeprzeć atak hord Sarumana.\r\n',10740000000,'2002-12-05','http://1.fwcdn.pl/po/14/51/31451/6900425.3.jpg','https://www.youtube.com/embed/2dlRvAjU_RI'),(7,'Władca Pierścieni: Powrót króla','The Lord of the Rings: The Return of the King','Zwieńczenie filmowej trylogii wg powieści Tolkiena. Aragorn jednoczy siły Śródziemia, szykując się do bitwy, która ma odwrócić uwagę Saurona od podążających w kierunku Góry Przeznaczenia hobbitów.',12060000000,'2003-12-01','http://1.fwcdn.pl/po/18/41/11841/7494142.3.jpg','https://www.youtube.com/embed/r5X-hFf6Bwo'),(8,'Hobbit: Niezwykła podróż','The Hobbit: An Unexpected Journey','Hobbit Bilbo Baggins wyrusza w niebezpieczną podroż, by wraz z czarodziejem Gandalfem i trzynastoma krasnoludami pokonać smoka Smauga. ',10140000000,'2012-11-28','http://1.fwcdn.pl/po/32/17/343217/7509680.3.jpg','https://www.youtube.com/embed/SDnYMbYB-nU'),(9,'Hobbit: Pustkowie Smauga','The Hobbit: The Desolation of Smaug','Hobbit Bilbo Baggins razem z Gandalfem oraz trzynastoma krasnoludami zmierza do legowiska smoka Smauga. Bohaterowie chcą pokonać bestię i odebrać jej złoto, które ukradła.',9660000000,'2013-12-02','http://1.fwcdn.pl/po/98/67/469867/7585361.3.jpg','https://www.youtube.com/embed/Os1G8RtqY2c'),(10,'Hobbit: Bitwa Pięciu Armii','The Hobbit: The Battle of the Five Armies','Krasnoludy z Ereboru odzyskują ojczyznę, ściągając gniew smoka. Wolne istoty Śródziemia łączą siły przeciwko Sauronowi, który wysyła legiony orków na Samotną Górę. ',8640000000,'2014-12-01','http://1.fwcdn.pl/po/22/42/662242/7628118.3.jpg','https://www.youtube.com/embed/iVAgTiBrrDA'),(11,'Gwiezdne wojny: Część IV - Nowa nadzieja','Star Wars Episode IV','Złowrogie Imperium zawładnęło galaktyką. Uwięzionej przez Dartha Vadera księżniczce Lei z nieoczekiwaną pomocą przyjdą kosmiczny przemytnik Han Solo i młody Luke Skywalker.',7260000000,'1977-05-25','http://1.fwcdn.pl/po/07/59/759/7301614.3.jpg','https://www.youtube.com/embed/Qk3IeWyOapc'),(12,'Gwiezdne wojny: Część V - Imperium kontratakuje','Star Wars: Episode V - The Empire Strikes Back','Imperator Palpatine rozkazuje swojemu uczniowi Darthowi Vaderowi odnalezienie Luke\'a Skywalkera, by zmusić go do przejścia na ciemną stronę Mocy.',7440000000,'1980-05-17','http://1.fwcdn.pl/po/05/25/525/7371374.3.jpg','https://www.youtube.com/embed/0HMEM3a5OAI'),(13,'Gwiezdne wojny: Część VI - Powrót Jedi','Star Wars: Episode VI - Return of the Jedi','Luke Skywalker i księżniczka Leia wyruszają na ratunek porwanemu Hanowi Solo. Zbliża się ostateczna bitwa rebeliantów z Imperium.',8040000000,'1983-05-25','http://1.fwcdn.pl/po/05/47/547/7583754.3.jpg','https://www.youtube.com/embed/myz3ZxR4fMk'),(14,'Gwiezdne wojny: Część I - Mroczne widmo','Star Wars: Episode I - The Phantom Menace','Dwaj rycerze Jedi wyruszają z misją ocalenia planety Naboo przed inwazją wojsk Federacji Handlowej. Trafiają na pustynny glob, gdzie pomoże im mały Anakin Skywalker.',8160000000,'1999-05-19','http://1.fwcdn.pl/po/05/20/520/7403025.3.jpg','https://www.youtube.com/embed/19R9BZXV1GA'),(15,'Gwiezdne wojny: Część II - Atak klonów','Star Wars: Episode II - Attack of the Clones','Demokratyczne rządy Republiki są zagrożone przez podstępnego hrabiego Dooku. Tymczasem Anakin Skywalker łamie reguły zakonu Jedi i zakochuje się.\r\n',8520000000,'2002-05-16','http://1.fwcdn.pl/po/14/65/1465/6940931.3.jpg','https://www.youtube.com/embed/JSOdViQTIIg'),(16,'Gwiezdne wojny: Część III - Zemsta Sithów','Star Wars: Episode III - Revenge of the Sith','Wojny Klonów dobiegają końca, jednak w galaktyce rośnie moc złowrogich Sithów. Czy Anakin Skywalker oprze się zakusom ciemnej strony Mocy?',8400000000,'2005-05-15','http://1.fwcdn.pl/po/59/82/5982/7718099.3.jpg','https://www.youtube.com/embed/OWHXdfqNdfI'),(17,'Mission: Impossible - Rogue Nation','','Agent IMF Ethan Hunt wraz ze swoim ludźmi mierzy się z organizacją Syndykat.',7860000000,'2015-07-23','http://1.fwcdn.pl/po/50/48/655048/7695904.3.jpg','https://www.youtube.com/embed/pXwaKB7YOjw'),(18,'Mission: Impossible - Ghost Protocol','','Po ataku terrorystycznym na Kreml agent IMF, Ethan Hunt, wraz z resztą zespołu próbuje oczyścić swoje dobre imię. ',7980000000,'2011-12-07','http://1.fwcdn.pl/po/30/87/483087/7408249.3.jpg','https://www.youtube.com/embed/V0LQnQSrC-g'),(19,'Mission: Impossible III','','Ethan Hunt powraca, aby pokrzyżować plany bezwzględnego handlarza bronią, Owena Daviana.',7560000000,'2006-04-24','http://1.fwcdn.pl/po/57/42/95742/7539646.3.jpg','https://www.youtube.com/embed/ssWbGKTgXFc'),(20,'Niepamięć','Oblivion','Rok 2077, z powodu napromieniowania Ziemi ludzie przenieśli się na księżyc Saturna, Tytana. Jack Harper wpada na trop zagadki, która całkowicie zmienia jego światopogląd i przyszłość ludzkości.',7500000000,'2013-03-26','http://1.fwcdn.pl/po/57/56/535756/7539332.3.jpg','https://www.youtube.com/embed/IBVkUb_TWp8'),(21,'Transcendencja','Transcendence','Pracujący nad stworzeniem sztucznej inteligencji naukowiec zostaje postrzelony przez przeciwników. Zdesperowana żona podejmuje próbę przeniesienia jego umysłu z umierającego ciała do komputera.\r\n',7200000000,'2014-04-10','http://1.fwcdn.pl/po/06/82/670682/7607124.3.jpg','https://www.youtube.com/embed/9gBTwYgvh7s');
/*!40000 ALTER TABLE `Movies_movie` ENABLE KEYS */;
UNLOCK TABLES;

--
-- Table structure for table `Movies_ratemovie`
--

DROP TABLE IF EXISTS `Movies_ratemovie`;
/*!40101 SET @saved_cs_client     = @@character_set_client */;
/*!40101 SET character_set_client = utf8 */;
CREATE TABLE `Movies_ratemovie` (
  `id` int(11) NOT NULL AUTO_INCREMENT,
  `rate` int(11) NOT NULL,
  `for_movie_id` int(11) NOT NULL,
  `user_id` int(11) NOT NULL,
  PRIMARY KEY (`id`),
  KEY `Movies_ratemovi_for_movie_id_5e2ba981550514bb_fk_Movies_movie_id` (`for_movie_id`),
  KEY `Movies_ratemovie_user_id_69f323c1b9f0e901_fk_auth_user_id` (`user_id`),
  CONSTRAINT `Movies_ratemovi_for_movie_id_5e2ba981550514bb_fk_Movies_movie_id` FOREIGN KEY (`for_movie_id`) REFERENCES `Movies_movie` (`id`),
  CONSTRAINT `Movies_ratemovie_user_id_69f323c1b9f0e901_fk_auth_user_id` FOREIGN KEY (`user_id`) REFERENCES `auth_user` (`id`)
) ENGINE=InnoDB AUTO_INCREMENT=66 DEFAULT CHARSET=utf8 COLLATE=utf8_polish_ci;
/*!40101 SET character_set_client = @saved_cs_client */;

--
-- Dumping data for table `Movies_ratemovie`
--

LOCK TABLES `Movies_ratemovie` WRITE;
/*!40000 ALTER TABLE `Movies_ratemovie` DISABLE KEYS */;
INSERT INTO `Movies_ratemovie` VALUES (23,10,2,1),(24,9,2,1),(25,10,4,1),(26,8,4,1),(27,8,4,1),(28,10,3,1),(29,9,3,1),(30,9,3,1),(31,10,3,1),(32,10,3,1),(33,9,2,12),(34,4,3,1),(35,10,5,1),(36,9,6,1),(37,10,7,1),(38,8,8,1),(39,7,9,1),(40,8,10,1),(41,5,13,1),(42,6,11,1),(43,8,16,1),(44,6,16,1),(45,10,16,1),(46,5,16,1),(47,10,18,1),(48,9,18,1),(49,9,19,1),(50,9,19,1),(51,8,19,1),(52,7,19,1),(53,9,19,1),(54,10,17,1),(55,10,17,1),(56,9,17,1),(57,10,20,1),(58,10,20,1),(59,10,20,1),(60,10,20,1),(61,9,20,1),(62,10,20,1),(63,10,20,1),(64,9,20,1),(65,10,21,1);
/*!40000 ALTER TABLE `Movies_ratemovie` ENABLE KEYS */;
UNLOCK TABLES;

--
-- Table structure for table `Persons_actor`
--

DROP TABLE IF EXISTS `Persons_actor`;
/*!40101 SET @saved_cs_client     = @@character_set_client */;
/*!40101 SET character_set_client = utf8 */;
CREATE TABLE `Persons_actor` (
  `id` int(11) NOT NULL AUTO_INCREMENT,
  `actor_id` int(11) NOT NULL,
  `in_movie_id` int(11) NOT NULL,
  `character` varchar(120) COLLATE utf8_polish_ci NOT NULL,
  PRIMARY KEY (`id`),
  KEY `Persons_actor_actor_id_3cd01848cd3d221_fk_Persons_person_id` (`actor_id`),
  KEY `Persons_actor_in_movie_id_5e47756672fcd869_fk_Movies_movie_id` (`in_movie_id`),
  CONSTRAINT `Persons_actor_actor_id_3cd01848cd3d221_fk_Persons_person_id` FOREIGN KEY (`actor_id`) REFERENCES `Persons_person` (`id`),
  CONSTRAINT `Persons_actor_in_movie_id_5e47756672fcd869_fk_Movies_movie_id` FOREIGN KEY (`in_movie_id`) REFERENCES `Movies_movie` (`id`)
) ENGINE=InnoDB AUTO_INCREMENT=228 DEFAULT CHARSET=utf8 COLLATE=utf8_polish_ci;
/*!40101 SET character_set_client = @saved_cs_client */;

--
-- Dumping data for table `Persons_actor`
--

LOCK TABLES `Persons_actor` WRITE;
/*!40000 ALTER TABLE `Persons_actor` DISABLE KEYS */;
INSERT INTO `Persons_actor` VALUES (1,2,2,'Andy Dufresne'),(2,3,2,'Ellis Boyd \"Red\" Redding'),(3,4,2,'Naczelnik Samuel Norton'),(4,9,2,'Heywood'),(5,8,2,'Kapitan Byron Hadley'),(6,7,2,'Tommy Williams'),(7,6,2,'Bogs Diamond'),(8,5,2,'Brooks Hatlen'),(9,3,3,'Detektyw porucznik William Somerset'),(10,11,3,'Detektyw David Mills'),(11,12,3,'Theresa \"Tracy\" Mills'),(12,13,3,'John Doe'),(13,14,3,'Detektyw Taylor'),(14,15,3,'Oficer Davis'),(15,17,4,'Ray Ferrier'),(16,18,4,'Robbie Ferrier'),(17,19,4,'Rachel Ferrier'),(18,2,4,'Harlan Ogilvy'),(19,20,4,'Mary Ann'),(20,21,4,'Tim'),(21,23,5,'Frodo Baggins'),(22,24,5,'Samwise \"Sam\" Gamgee'),(23,25,5,'Peregrin \"Pippin\" Took'),(24,26,5,'Meriadok \"Merry\" Brandybuck'),(25,27,5,'Bilbo Baggins'),(26,28,5,'Aragorn'),(27,29,5,'Gandalf Szary'),(28,30,5,'Arwena'),(29,31,5,'Legolas'),(30,32,5,'Gimli'),(31,33,5,'Elrond'),(32,34,5,'Galadriela'),(33,35,5,'Boromir'),(34,36,5,'Saruman Biały'),(35,37,5,'Gollum'),(36,38,5,'Sauron'),(37,23,6,'Frodo Baggins'),(38,24,6,'Samwise \"Sam\" Gamgee'),(39,26,6,'Meriadok \"Merry\" Brandybuck'),(40,25,6,'Peregrin \"Pippin\" Took'),(41,28,6,'Aragorn'),(42,29,6,'Gandalf Biały'),(43,30,6,'Arwena'),(44,39,6,'Éowina'),(45,31,6,'Legolas'),(46,32,6,'Gimli'),(47,33,6,'Elrond'),(48,34,6,'Galadriela'),(49,40,6,'Faramir'),(50,36,6,'Saruman Biały'),(51,37,6,'Gollum'),(52,41,6,'Król Théoden'),(53,23,7,'Frodo Baggins'),(54,24,7,'Samwise \"Sam\" Gamgee'),(55,26,7,'Meriadok \"Merry\" Brandybuck'),(56,25,7,'Peregrin \"Pippin\" Took'),(57,27,7,'Bilbo Baggins'),(58,28,7,'Aragorn'),(59,29,7,'Gandalf Biały'),(60,30,7,'Arwena'),(61,31,7,'Legolas'),(62,37,7,'Gollum'),(63,32,7,'Gimli'),(64,33,7,'Elrond'),(65,34,7,'Galadriela'),(66,40,7,'Faramir'),(67,41,7,'Król Théoden'),(68,39,7,'Éowina'),(69,36,7,'Saruman'),(70,42,8,'Bilbo Baggins'),(71,29,8,'Gandalf Szary'),(72,43,8,'Thorin Dębowa Tarcza	'),(73,44,8,'Balin'),(74,45,8,'Dwalin'),(75,46,8,'Bifur / Troll Tom	'),(76,47,8,'Bofur'),(77,48,8,'Bombur'),(78,49,8,'Fíli'),(79,50,8,'Kíli'),(80,51,8,'Óin'),(81,52,8,'Glóin / Troll William'),(82,53,8,'Nori'),(83,54,8,'Dori / Troll Bert'),(84,55,8,'Ori'),(85,27,8,'Stary Bilbo Baggins'),(86,23,8,'Frodo Baggins'),(87,33,8,'Elrond'),(88,34,8,'Galadriela'),(89,36,8,'Saruman Biały'),(90,37,8,'Gollum'),(91,56,8,'Radagast Bury'),(92,42,9,'Bilbo Baggins'),(93,29,9,'Gandalf Szary'),(94,43,9,'Thorin Dębowa Tarcza	'),(95,31,9,'Legolas'),(96,44,9,'Balin'),(97,45,9,'Dwalin'),(98,46,9,'Bifur'),(99,47,9,'Bofur'),(100,48,9,'Bombur'),(101,49,9,'Fíli'),(102,50,9,'Kíli'),(103,51,9,'Óin'),(104,52,9,'Glóin'),(105,53,9,'Nori'),(106,54,9,'Dori'),(107,55,9,'Ori'),(108,34,9,'Galadriela'),(109,56,9,'Radagast Bury'),(110,57,9,'Tauriel'),(111,58,9,'Bard / Girion'),(112,59,9,'Król Thranduil'),(113,60,9,'Beorn'),(114,61,9,'Władca Esgaroth	'),(115,42,10,'Bilbo Baggins'),(116,29,10,'Gandalf Szary'),(117,43,10,'Thorin Dębowa Tarcza	'),(118,58,10,'Bard'),(119,31,10,'Legolas'),(120,57,10,'Tauriel'),(121,59,10,'Król Thranduil'),(122,44,10,'Balin'),(123,45,10,'Dwalin'),(124,46,10,'Bifur'),(125,47,10,'Bofur	'),(126,48,10,'Bombur'),(127,49,10,'Fíli'),(128,50,10,'Kíli'),(129,51,10,'Óin'),(130,52,10,'Glóin'),(131,53,10,'Nori'),(132,54,10,'Dori'),(133,55,10,'Ori'),(134,34,10,'Galadriela'),(135,33,10,'Elrond'),(136,36,10,'Saruman Biały'),(137,27,10,'Stary Bilbo Baggins'),(138,60,10,'Beorn'),(139,56,10,'Radagast Bury'),(140,61,10,'Władca Esgaroth	'),(141,63,11,'Luke Skywalker'),(142,64,11,'Han Solo'),(143,65,11,'Księżniczka Leia Organa'),(144,66,11,'Wielki Moff Wilhuff Tarkin'),(145,67,11,'Obi-Wan \"Ben\" Kenobi'),(146,68,11,'C-3PO'),(147,69,11,'R2-D2'),(148,70,11,'Chewbacca	'),(149,63,12,'Luke Skywalker'),(150,64,12,'Han Solo'),(151,65,12,'Księżniczka Leia Organa'),(152,71,12,'Lando Calrissian'),(153,68,12,'C-3PO'),(154,72,12,'Darth Vader'),(155,70,12,'Chewbacca'),(156,69,12,'R2-D2'),(157,63,13,'Luke Skywalker'),(158,64,13,'Han Solo'),(159,65,13,'Księżniczka Leia Organa'),(160,71,13,'Lando Calrissian'),(161,68,13,'C-3PO'),(162,70,13,'Chewbacca'),(163,74,13,'Anakin Skywalker'),(164,73,13,'Imperator Sheev Palpatine'),(165,81,14,'Qui-Gon Jinn'),(166,80,14,'Obi-Wan Kenobi'),(167,79,14,'Królowa Amidala / Padmé'),(168,78,14,'Anakin Skywalker'),(169,73,14,'Senator Sheev Palpatine'),(170,77,14,'Shmi Skywalker'),(171,76,14,'Sio Bibble'),(172,75,14,'Kapitan Panaka'),(173,80,15,'Obi-Wan Kenobi'),(174,79,15,'Padmé Amidala'),(175,36,15,'Hrabia Dooku / Darth Tyranus'),(176,73,15,'Najwyższy Kanclerz Sheev Palpatine'),(177,77,15,'Shmi Skywalker'),(178,84,15,'Anakin Skywalker'),(179,83,15,'Mace Windu'),(180,82,15,'Yoda (głos)'),(181,84,16,'Anakin Skywalker'),(182,80,16,'Obi-Wan Kenobi'),(183,79,16,'Padmé Amidala'),(184,73,16,'Najwyższy Kanclerz Sheev Palpatine'),(185,83,16,'Mace Windu'),(186,82,16,'Yoda (głos)'),(187,68,16,'C-3PO'),(188,17,17,'Ethan Hunt'),(189,91,17,'William Brandt'),(190,90,17,'Benji Dunn	'),(191,89,17,'Ilsa Faust'),(192,88,17,'Luther Stickell'),(193,87,17,'Alan Hunley'),(194,86,17,'Solomon Lane'),(195,85,17,'Atlee'),(196,97,18,'Jane Carter'),(197,96,18,'Kurt Hendricks'),(198,95,18,'Anatoly Sidorov'),(199,94,18,'Wistrom'),(200,93,18,'Leonid Lisenker'),(201,17,18,'Ethan Hunt'),(202,90,18,'Benji Dunn	'),(203,91,18,'William Brandt'),(204,17,19,'Ethan Hunt'),(205,104,19,'Owen Davian'),(206,88,19,'Luther Stickell'),(207,103,19,'Julia'),(208,102,19,'Lindsey'),(209,101,19,'Zhen'),(210,100,19,'Declan'),(211,99,19,'John Musgrave'),(212,17,20,'Jack Harper'),(213,3,20,'Malcolm Beech'),(214,110,20,'Julia'),(215,109,20,'Victoria'),(216,108,20,'Sykes'),(217,107,20,'Sally'),(219,106,20,'Kara'),(220,118,21,'Will Caster'),(221,117,21,'Evelyn Caster'),(222,3,21,'Joseph Tagger'),(223,116,21,'Max Waters'),(224,115,21,'Agent Buchanan'),(225,114,21,'Bree'),(226,113,21,'Pułkownik Stevens'),(227,112,21,'Martin');
/*!40000 ALTER TABLE `Persons_actor` ENABLE KEYS */;
UNLOCK TABLES;

--
-- Table structure for table `Persons_commentperson`
--

DROP TABLE IF EXISTS `Persons_commentperson`;
/*!40101 SET @saved_cs_client     = @@character_set_client */;
/*!40101 SET character_set_client = utf8 */;
CREATE TABLE `Persons_commentperson` (
  `id` int(11) NOT NULL AUTO_INCREMENT,
  `user_id` int(11) NOT NULL,
  `for_person_id` int(11) NOT NULL,
  `text` varchar(250) COLLATE utf8_polish_ci NOT NULL,
  PRIMARY KEY (`id`),
  KEY `Persons_commentperson_user_id_c635ab40f59d0ad_fk_auth_user_id` (`user_id`),
  KEY `Persons_comm_for_person_id_77df7ccf6528d3db_fk_Persons_person_id` (`for_person_id`),
  CONSTRAINT `Persons_comm_for_person_id_77df7ccf6528d3db_fk_Persons_person_id` FOREIGN KEY (`for_person_id`) REFERENCES `Persons_person` (`id`),
  CONSTRAINT `Persons_commentperson_user_id_c635ab40f59d0ad_fk_auth_user_id` FOREIGN KEY (`user_id`) REFERENCES `auth_user` (`id`)
) ENGINE=InnoDB AUTO_INCREMENT=10 DEFAULT CHARSET=utf8 COLLATE=utf8_polish_ci;
/*!40101 SET character_set_client = @saved_cs_client */;

--
-- Dumping data for table `Persons_commentperson`
--

LOCK TABLES `Persons_commentperson` WRITE;
/*!40000 ALTER TABLE `Persons_commentperson` DISABLE KEYS */;
INSERT INTO `Persons_commentperson` VALUES (7,11,1,'Mój chłopak!'),(8,1,3,'I love this guy!'),(9,1,3,'cxvfdvgdrs');
/*!40000 ALTER TABLE `Persons_commentperson` ENABLE KEYS */;
UNLOCK TABLES;

--
-- Table structure for table `Persons_director`
--

DROP TABLE IF EXISTS `Persons_director`;
/*!40101 SET @saved_cs_client     = @@character_set_client */;
/*!40101 SET character_set_client = utf8 */;
CREATE TABLE `Persons_director` (
  `id` int(11) NOT NULL AUTO_INCREMENT,
  `director_id` int(11) NOT NULL,
  `in_movie_id` int(11) NOT NULL,
  PRIMARY KEY (`id`),
  KEY `Persons_direct_director_id_78d73b875fea600b_fk_Persons_person_id` (`director_id`),
  KEY `Persons_director_in_movie_id_66d7cf8f028597d9_fk_Movies_movie_id` (`in_movie_id`),
  CONSTRAINT `Persons_direct_director_id_78d73b875fea600b_fk_Persons_person_id` FOREIGN KEY (`director_id`) REFERENCES `Persons_person` (`id`),
  CONSTRAINT `Persons_director_in_movie_id_66d7cf8f028597d9_fk_Movies_movie_id` FOREIGN KEY (`in_movie_id`) REFERENCES `Movies_movie` (`id`)
) ENGINE=InnoDB AUTO_INCREMENT=21 DEFAULT CHARSET=utf8 COLLATE=utf8_polish_ci;
/*!40101 SET character_set_client = @saved_cs_client */;

--
-- Dumping data for table `Persons_director`
--

LOCK TABLES `Persons_director` WRITE;
/*!40000 ALTER TABLE `Persons_director` DISABLE KEYS */;
INSERT INTO `Persons_director` VALUES (1,1,2),(2,10,3),(3,16,4),(4,22,5),(5,22,6),(6,22,7),(7,22,8),(8,22,9),(9,22,10),(10,62,11),(11,62,12),(12,62,13),(13,62,14),(14,62,15),(15,62,16),(16,92,17),(17,98,18),(18,105,19),(19,111,20),(20,119,21);
/*!40000 ALTER TABLE `Persons_director` ENABLE KEYS */;
UNLOCK TABLES;

--
-- Table structure for table `Persons_person`
--

DROP TABLE IF EXISTS `Persons_person`;
/*!40101 SET @saved_cs_client     = @@character_set_client */;
/*!40101 SET character_set_client = utf8 */;
CREATE TABLE `Persons_person` (
  `id` int(11) NOT NULL AUTO_INCREMENT,
  `first_name` varchar(120) COLLATE utf8_polish_ci NOT NULL,
  `last_name` varchar(120) COLLATE utf8_polish_ci NOT NULL,
  `birth_date` date NOT NULL,
  `bio` longtext COLLATE utf8_polish_ci NOT NULL,
  `poster` varchar(200) COLLATE utf8_polish_ci NOT NULL,
  PRIMARY KEY (`id`),
  FULLTEXT KEY `first_name` (`first_name`),
  FULLTEXT KEY `first_name_2` (`first_name`,`last_name`)
) ENGINE=InnoDB AUTO_INCREMENT=120 DEFAULT CHARSET=utf8 COLLATE=utf8_polish_ci;
/*!40101 SET character_set_client = @saved_cs_client */;

--
-- Dumping data for table `Persons_person`
--

LOCK TABLES `Persons_person` WRITE;
/*!40000 ALTER TABLE `Persons_person` DISABLE KEYS */;
INSERT INTO `Persons_person` VALUES (1,'Frank','Darabont','1959-01-28','Urodził się we Francji w obozie dla węgierskich uchodźców. Jego rodzice uciekli z Węgier podczas rewolucji w 1956 r. Cała rodzina przeprowadziła się do Chicago, kiedy Frank był jeszcze dzieckiem. Karierę w Hollywood Darabont zaczynał jako dekorator i asystent producenta. Podczas asystowania na planie \"Hell Night\" (1981) Frank poznał reżysera Chucka Russela, który zaproponował mu napisanie scenariusza do trzeciej części \"Koszmaru z ulicy Wiązów\" (1987). Kolejne scenariusze autorstwa Darabonta to remake \"The Blob\" (1988) oraz \"Mucha II\" (1988) - sequel słynnego filmu Davida Cronenberga z 1986 r. Jako reżyser Frank Darabont zadebiutował thillerem telewizyjnym \"Żywcem pogrzebana\" (1990) z Jennifer Jason Leigh w roli głównej. Pierwszy film kinowy, którego reżyserem i scenarzystą był Darabont, to \"Skazani na Shawshank\" (1994) - dramat więzienny, w którym zagrali Tim Robbins i Morgan Freeman. Film ten cieszył się dużą popularnością i przyniósł reżyserowi nominacje do Złotego Globu i Oscara dla scenariusza adaptowanego. Pięć lat później na ekrany wszedł drugi film Franka Darabonta - \"Zielona mila\" (1999), dramat więzienny z Tomem Hanksem w roli strażnika. Również i ten film okazał się sukcesem. Darabont otrzymał nominację do nagrody dla najlepszego reżysera od Gildii Reżyserów Amerykańskich oraz do dwóch Oscarów - dla najlepszego filmu i scenariusza adaptowanego. Prócz scenariusza i reżyserii, Frank Darabont pełnił w \"Zielonej mili\" funkcję producenta.','https://ssl-gfx.filmweb.pl/p/21/89/12189/373955.1.jpg'),(2,'Tim','Robbins','1958-10-16','Tim Robbins, nazywany niekiedy współczesnym Orsonem Wellesem, jest jednym z najciekawszych aktorów i reżyserów współczesnego kina. Zdolności artystyczne odziedziczył po swoim ojcu, który był utalentowanym piosenkarzem, członkiem zespołu Highwaymen. Robbins wychował się w nowojorskiej dzielnicy Greenwich Village, która słynie z tego, iż jest centrum kulturalnym miasta. Przyszły aktor wzrastał więc w otoczeniu artystów. Po raz pierwszy na scenie Robbins wystąpił u boku swojego ojca śpiewając \"protest song\" \"Ink Is Black but the Page Is White\". W wieku dwunastu lat Tim został członkiem grupy Theatre for the New City, z którą występował przez następnych 7 lat. Po ukończeniu szkoły średniej chcąc otrzymać jak najlepsze wykształcenie aktorskie Robbins przeniósł się do Los Angeles i wstąpił na Uniwersytet Kalifornii. Tam wraz z kilkoma przyjaciółmi stworzył grupę teatralną Male Death Cult, z którą wystawiał sztuki Bertolta Brechta i Alfreda Jarry. W tym samym czasie zaczął się również interesować filmem. Wystąpił w kilku obrazach, z których \"Bull Durham\" przyniósł mu popularność. Na planie tego filmu poznał swoją partnerkę życiową Susan Sarandon, z którą jest związany do dnia dzisiejszego. Lata 90. to jak na razie najciekawszy okres pracy artystycznej Robbinsa. W 1990 r. doskonałą kreacją w obrazie \"Drabina Jakubowa\" udowodnił wszystkim, iż jest utalentowanym aktorem i może wcielić się w krańcowo różne postaci. Dwa lata później zagrał w filmie Roberta Altmana \"Gracz\", za co otrzymał nagrodę na festiwalu w Cannes i Złoty Glob. Trzy lata później nominacją do Oscara za reżyserię Robbins udowodnił, iż na aktorstwie jego umiejętności i talent się nie kończą. Artysta słynie z tego, iż jest wielkim miłośnikiem hokeja a jego ulubioną drużyną jest Rangers. W 1994 r. po zdobyciu przez nich pucharu Robbins osobiście wychylił z niego łyk szampana a trzy lata później w specjalnym meczu pokazowym grał w barwach swojego ukochanego zespołu.','http://1.fwcdn.pl/p/00/90/90/326521.1.jpg'),(3,'Morgan','Freeman','1937-06-01','Jest jednym z najbardziej uznawanych aktorów w Hollywood, karierę zaczął od występów w musicalach. Zanim podjął naukę w szkole aktorskiej, spędził pięć lat w US Air Force. W 1968 roku zadebiutował na scenie jako Rudolph w \"Hello, Dolly\" - wersji z udziałem Pearl Bailey. Następnie grywał w dramatach szekspirowskich oraz pojawił się w szeregu interesujących produkcji broadwayowskich i off-broadwayowskich. We wczesnych latach 70. stał się popularną postacią telewizyjnego programu edukacyjnego dla dzieci, \"The Eletric Company\", emitowanego przez PBS. Na dużym ekranie pojawił się w 1971 roku w filmie \"Who Says I Can\'t Ride a Rainbow?\". Przez lata był obsadzany w jednakowych, schematycznych rolach, dopóki nie otrzymał nominacji do Oscara i Złotego Globu dla najlepszego aktora drugoplanowego za udział w filmie \"Cwaniak\". Drugą nominację do Oscara oraz status gwiazdy zyskał w 1990 roku, kiedy to zagrał w uroczej komedii \"Wożąc panią Daisy\". Potem wystąpił w takich szlagierach kinowych jak \"Chwała\", \"Robin Hood: Książę Złodziei\" czy \"Bez przebaczenia\". W 1993 roku zadebiutował jako reżyser, realizując film \"Bopha!\", opowiadający o czarnoskórym policjancie i jego synu, prześladowanych przez zwolenników apartheidu. Rok później zagrał w \"Skazanych na Shawshank\", za co został wyróżniony nominacją do Oscara dla najlepszego aktora. Ogromną popularność zdobył dzięki występowi w słynnym thrillerze \"Siedem\" Davida Finchera, gdzie wcielił się w postać policjanta tropiącego (wraz z Bradem Pittem) seryjnego zabójcę. Freeman jest jednym z niewielu czarnoskórych aktorów amerykańskich, którym reżyserzy (jak Clint Eastwood czy Brian De Palma) dają znaczną swobodę twórczą w konstruowaniu kreowanych postaci i pozwalają przy tym na wykraczanie poza utarte schematy, wynikające z koloru skóry.','http://1.fwcdn.pl/p/01/76/176/310759.1.jpg'),(4,'Bob','Gunton','1945-11-15','','http://1.fwcdn.pl/p/39/87/3987/338007.1.jpg'),(5,'James','Whitmore','1921-10-01','','http://1.fwcdn.pl/p/53/33/5333/374282.1.jpg'),(6,'Mark','Rolston','1956-12-07','','http://1.fwcdn.pl/p/40/86/4086/317917.1.jpg'),(7,'Gil','Bellows','1967-06-28','Gil Bellows jest gwiazdą, która w serialu \"Ally McBeal\" występuje jako Billy Allen Thomas. Zanim Bellows rozpoczął pracę przy \"Ally\", nie umiał siedzieć w miejscu. Gdy go zapytano, czy zagra w serialu byłego chłopaka Ally, zwietrzył szansę ustatkowania się i wyraził chęć do pracy. Gil urodził się w Vancouver w Kanadzie, lecz wyprowadził się do Kalifornii, USA, by studiować na American Academy of Dramatic Arts . Został aktorem na Wschodnim Wybrzeżu, gdzie dostał rolę w \"King Lear\" i \"The Diary of Anne Frank\". To właśnie na scenie poznał swą przyszła żonę - Ryę Kihlstedt. Zanim zaczął grać w \"Ally McBeal\" miał już niezły życiorys. Grał Tommyego Williamsa we wspaniałym filmie \"The Shawshank Redemption\", pojawił się również w \"Miami Rhapsody\". Wszystkie role podnosiły jego reputację, ale jeszcze nie oznaczały czegokolwiek. Dopiero rola w \"Ally\" przyniosła mu bardzo dużą popularność, toteż dużym zaskoczeniem dla fanów serialu była jego decyzja o rezygnacji z roli Billy\'ego. Gil chce spróbować odnieść sukces na dużym ekranie. Zapowiedział, że jego rozbrat z \"Ally McBeal\" potrwa tylko rok.','http://1.fwcdn.pl/p/51/81/5181/373912.1.jpg'),(8,'Clancy','Brown','1959-01-05','','http://1.fwcdn.pl/p/30/29/3029/362270.1.jpg'),(9,'William','Sadler','1950-04-13','','http://1.fwcdn.pl/p/82/75/8275/386202.1.jpg'),(10,'David','Fincher','1968-08-28','David Fincher urodził się 28 sierpnia 1962 roku w Denver. Zaczynał od filmów reklamowych i teledysków. Jego reklamy dla m.in. Nike, Pepsi, były wielokrotnie nagradzane. Współpracował z takimi artystami jak: Rolling Stones, Paula Abdul, George Michael. Jego teledyski do utworów Madonny: \"Vogue\", \"Express Yourself\", zyskały miano kultowych. W 1992 roku Fincher zadebiutował w długim metrażu filmem \"Obcy 3\". Po niezbyt przychylnym przyjęciu tegoż filmu, zniechęcony Fincher wrócił do telewizji. W 1995 trafił w jego ręce scenariusz doskonałego thrillera. I tak powstał film \"Siedem\". Po raz kolejny Fincher nakreślił sugestywny obraz zepsutego społeczeństwa, w którym pozytywny bohater nie wygrywa. Doskonałe zdjęcia, wspaniałe aktorstwo, perfekcyjny montaż, a przede wszystkim druzgocąca końcówka - te elementy sprawiły, że \"Siedem\" stało się filmem kultowym.  Od tego czasu Fincher regularnie, co dwa lata kręcił filmy. W 1997 powstała \"Gra\", mroczny thriller z Michaelem Douglasem - kolejny niesamowity, trzymający w napięciu film.  Rok 1999 to \"Podziemny krąg\". Film, z rewelacyjnymi kreacjami aktorskimi Brada Pitta, Edwarda Nortona i Heleny Bonham-Carter, który oskarżano m.in. o gloryfikację przemocy, antysemityzm, czy wręcz faszyzm, wywołał burzę na całym świecie. W niektórych krajach cenzura dokonała \"stosownych\" cięć. W Polsce mogliśmy oglądać go w całości. Fincher po raz kolejny znalazł się na \"ustach\" wszystkich miłośników kina. Po \"Fight Clubie\" reżyser pracował nad kilkoma projektami: \"Czarna Dalia\" według powieści Jamesa Ellroya, \"Passengers\" wg książki s-f Roberta Silverstone\'a. Ostatecznie podjął się realizacji filmu \"The Panic Room\" z Jodie Foster. Jest to opowieść o trójce włamywaczy, którzy wkradli się do prywatnej posiadłości. Z ukrycia obserwuje ich właścicielka domu.','http://1.fwcdn.pl/p/04/59/10459/375795.1.jpg'),(11,'Brad','Pitt','1963-12-18','Brad Pitt urodził się 18 grudnia 1963 roku w Shawnee, w Oklahomie.  Ma piątkę młodszego rodzeństwa. Jego ojciec był kierownikiem firmy transportu ciężarowego, a matka pedagogiem szkolnym. Jego rodzina przeprowadziła się do Springfield w Missouri, gdzie Brad pracował jako sprzedawca dla Colonel Day\'s Levi Emporium. Chodził do wyższej szkoły Kickapoo. Grał w tenisa i koszykówkę, a poza tym należał do kółka teatralnego i chóru. Skończył University of Missouri i zdobył tytuł magistra dziennikarstwa ze specjalnością - reklama. Jeszcze przed otrzymaniem dyplomu, przeprowadził się do Los Angeles, gdzie zamiast kontynuować naukę marketingu i projektowania graficznego, zajął się karierą modela i aktora. Na początku pracował tam jako kelner, reklamował restaurację El Pollo Loco przebrany za kurczaka, a za zarobione pieniądze, opłacał lekcje aktorstwa. Jego pierwszą rolą było wcielenie się w postać Randy\'ego w serialu \"Dallas\". Później pojawiał się na małym ekranie w serialach takich jak \"21 Jump Street\", czy \"Opowieści z krypty\". Następnie zaczął otrzymywać propozycje zagrania w innych serialach np. \"Glory Days\", albo filmach np. \"Reporter\", \"Za młoda by umrzeć?\", gdzie poznał 16-letnią Juliettę Lewis, z którą spotykał się przez 3 lata. Jednak prawdziwą popularność zdobył rolą J.D. w filmie Ridleya Scotta \'Thelma i Louise\". Na dużym ekranie Brad wystąpił w \"Johnny Suede\", który na festiwalu w Locarno w 1992 roku zdobył nagrodę Złotego Lamparta w kategorii - najlepszy film. Wkrótce potem magazyn People ogłosił go najseksowniejszym wśród żyjących. Na swoim koncie ma trzy nominacje do Oscara, oraz Złotego Globa i Saturna za rolę w filmie \"12 małp\". 16 czerwca 1997 roku ogłoszono zerwanie jego zaręczyn z Gwyneth Paltrow którą poznał na planie filmu \"Siedem\", z którą był przez 2 lata. 29 lipca 2000 roku ożenił się z Jennifer Aniston, gwiazdą serialu \"Przyjaciele\". ','http://1.fwcdn.pl/p/02/05/205/352641.1.jpg'),(12,'Gwyneth ','Paltrow','1973-09-27','Aktorka teatralna, filmowa i telewizyjna. Występować zaczęła w wieku pięciu lat, kiedy to jej ojciec, producent Bruce Paltrow, powierzył córce epizodyczną rolę w pilocie serialu telewizyjnego. W teatrze zadebiutowała w \"Przygodach Hucka Finna\'\". Grała też u boku swej matki, aktorki, Blythe Danner. W 1991 roku wystąpiła w musicalu \"Krzyk\" oraz w \"Haku\" Stevena Spielberga. Uwagę krytyki zwróciła na siebie rolą Ginnie w filmie \"Krew z krwi, kość z kości\"(1993) Klovesa. Szerszą popularność zdobyła w roku 1995, gdy pojawiła się w trzech ważnych przedsięwzięciach filmowych. Były to: \"Jefferson w Paryżu\" Jamesa Ivory\'ego, \"Księżyc i Valentino\" oraz thriller \"Siedem\" Finchera, w którym wystąpiła u boku Brada Pitta - swojego przyszłego narzeczonego. Przełomowa w jej karierze okazała się jednak dopiero rola tytułowej Emmy w adaptacji powieści Jane Austen. Gwyneth otrzymała wtedy Golden Satellite Award. Krytycy wyróżnili też jej występ w \"Przypadkowej dziewczynie\"(1997) Petera Howitta oraz kreację Violi w \"Zakochanym Szekspirze\" (1998) Johna Maddena. Za udział w tym ostatnim filmie Paltrow została uhonorowana Oscarem, Złotym Globem i nagrodą Brytyjskiej Akademii Filmowej. Gwyneth sprawdza się w bardzo zróżnicowanym repertuarze aktorskim - potrafi wcielić się w prostytutkę, romantyczną heroinę, czy wyrachowaną uwodzicielkę. Podkreśla jedynie, że nigdy nie wystąpi w widowiskowym kinie akcji. Rozważnie wybiera propozycje filmowe; odrzuciła rolę w Rose w \"Titanicu\", gdyż obawiała się, że efekty specjalne zdominują jej grę.','http://1.fwcdn.pl/p/02/01/201/342750.1.jpg'),(13,'Kevin ','Spacey','1959-07-26','Kevin Spacey, hollywoodzki złoty chłopiec, owiany jest mgiełką tajemnicy. Sam kiedyś przyznał: \"nikt nie wie, kim jestem naprawdę i mam nadzieję, że ten stan rzeczy się utrzyma, gdyż jest on bardzo korzystny dla mnie jako aktora.\" Jak udało mu się zachować prywatność w Hollywood, mimo otoczenia wścibskimi mediami, pozostaje zagadką. Przyznać trzeba, że jedyny długotrwały związek, do którego Kevin się przyznaje, to znajomość z jego psem Legacy (kundlem znalezionym na ulicach Los Angeles). Zapytany, czy kiedykolwiek był żonaty odparł \"Ooo...jej...byłem blisko.\" Wiemy, że Kevin Spacey urodził się w New Jersey i wychował w południowej Kalifornii. Wiemy, że matka była sekretarką, a ojciec autorem książek technicznych i że młody Kevin został wysłany do Akademii Wojskowej w Northridge. Szkoła ta o niezwykle surowej dyscyplinie była karą za wywołanie przez Kevina pożaru, efektu dziecięcych zabaw zapałkami. Spacey pozostawał w szkole przez dwa lata czarną owcą, aż został dyscyplinarnie usunięty za wywoływanie bójek wśród kolegów. Potem uczył się w różnych miejscach, nawet uczęszczał do prestiżowej Julliard School, z której też zrezygnował tuż przez zrobieniem dyplomu. Imał się różnych zajęć, m.in. sprzedawał buty (\"sklep, w którym pracowałem, wkrótce splajtował. Chciałbym serdecznie przeprosić właściciela\"). Przeprowadził się do Nowego Jorku, grywał w teatrach i w telewizji. Debiutem filmowym Spacey\'a była rola złodzieja w \"Zgadze\" w 1986 roku. Potem błyskawicznie zaczęły sypać się oferty coraz większych ról: nowojorskiego maklera w \"Pracującej dziewczynie\", postrzelonego współlokatora Henry Millera w \"Henry i June\" i tytułowego bohatera Clarence\'a Darrowa w \"Mecenas Darrow\". Przełom nastąpił w 1992 roku, kiedy to zagrał agenta nieruchomości w filmie \"Glengarry Glen Ross\". Dwa lata później dostał rolę w produkcji \"Szkoła Buddy\'ego\" - wciąż uważa ją za najlepszą w swej karierze. Następne trzy lata to nieprzerwane pasmo sukcesów związanych z rolami w mrocznych filmach jak \"Tajemnice Los Angeles\", \"Epidemia\" czy \"Siedem\". W 1995 roku dostał Oscara za drugoplanową role w filmie \"Podejrzani\". Drugą statuetkę otrzymał za główną rolę w \"American Beauty\". Wciela się na ogół w postaci prawników, biznesmenów i gangsterów. \"Zawsze grywa skomplikowane i złożone osoby, które przy okazji są najbardziej inteligentnymi postaciami w filmie\" - mówią o nim współpracownicy.','http://1.fwcdn.pl/p/01/05/105/340398.1.jpg'),(14,'Daniel','Zacapa','1964-11-30','Urodził się w stolicy Hondurasu, Tequcigalpie. Szybko uplasował się na miejscu jednego z najbardziej efektywnie pracujących aktorów. Jego różnorodne kreacje można podziwiać w takich filmach jak \"Se7en\" (1995), \"Confessions of a Dangerous Mind\" (2002), czy \"Phenomenon\", gdzie gra u boku takich gwaazd jak Walter Matthau, Morgan Freeman, Brad Pitt, Michelle Pfeiffer, Kurt Russell czy Mel Gibson. Udzielał się również w telewizji gdzie najbardziej znany jest z grania przez 3 serie w bardzo znanym serialu stacji \"Showtime\" - \'Resurrection Blvd.\' Wielokrotnie pojawiał się na małym ekranie w takich produkcjach jak: \"Medium\", \"Alias\", \"Nip/tuck\", \"Without a Trace\", \"Six Feet Under\" i \"N.Y.P.D. Blue\". Był nominowany do nagrody ALMA w 1998 roku za pracę w \'Foto Novelas\'. Wychowywał się w obszarze zatoki San Francisco i aktywnie działa na rzecz fundacji takich jak \"Fundacja przeciw przemocy wśród młodzieży\" w Północnej Kalifornii i \"Woodcraft Rangers\" in L.A. Daniel wielokrotnie otrzymywał nagrody od przedstawicieli Stanu Kalifornia i miasta Los Angeles, które uważają go za filar społeczności latynoskiej. Daniel jest zapalonym motocyklistą i wielkim fanem San Francisco Giants. Jest także partnerem i właścicielem spółki \"The Alabama Coach Co.\" w Montevello w stanie Alabama i ojcem dwóch córek. Obecnie mieszka w dzielnicy West Los Angeles. ','http://1.fwcdn.pl/p/61/74/6174/320660.1.jpg'),(15,'John','Cassini','1965-03-12','John Cassini jeszcze nie ma biografii.','http://1.fwcdn.pl/p/61/75/6175/326676.1.jpg'),(16,'Steven','Spielberg','1946-12-18','Jest uważany za najwybitniejszego reżysera naszych czasów. Na swoim koncie ma wiele ważnych dla światowej kinematografii filmów. Jest człowiekiem, o którym ludzie piszą książki i rozprawy naukowe. Spielberg nie uczył się reżyserii w żadnej ze szkół, jest samoukiem. Swój pierwszy film zrobił w wieku 16 lat. Nosił on tytuł \"Firelight\" i był przez jeden wieczór wyświetlany w kinie w rodzinnym mieście twórcy. Następny film \"Amblin\" zwrócił na Spielberga uwagę ludzi z Universal Studio, którzy zaproponowali mu pracę reżysera obrazów telewizyjnych. Po zrobieniu kilku odcinków znanych seriali m.in. \"Columbo\", Steven stworzył film, który dziś uznawany jest za jego debiut - \"Pojedynek na szosie\". Został on bardzo ciepło przyjęty zarówno przez krytyków, jak i widzów i pokazał producentom, że mają do czynienia z twórcą ponadprzeciętnym. Kolejne filmy Spielberga to pasmo sukcesów: \"Szczęki\", \"Bliskie spotkania trzeciego stopnia\", \"E.T\", żeby wymienić tylko kilka z nich. Reżyser udowodnił, że na ekranie można pokazać wszystko. Publiczność na całym świecie zachwycała się filmami, które przedstawiały ich marzenia, opowiadały o przygodach i kosmitach. Dostarczały niesamowitych wrażeń wizualnych, ale i przeżyć natury duchowej. Nietrudno więc zrozumieć, że kiedy w 1985 roku Spielberg zrobił \"Kolor purpury\", krytyka przyjęła film z niejakim zaskoczeniem. Nikt po nim, człowieku, który oficjalnie przyznawał się, że jeszcze nie wydoroślał, nie spodziewał się dramatu. Od tamtego czasu Steven stara się robić różne filmy. Co jakiś czas wraca do swoich dziecięcych marzeń i tworzy nowy, fantastyczny, ale jednocześnie przekonywujący świat, jak np. w \"Parku Jurajskim\", a czasami cofa się do przeszłości i przypomina niezbyt chwalebne wydarzenia z naszej historii, zmuszając do refleksji: \"Lista Schindlera\", \"Amistad\". Spielberg jest właścicielem Amblin Entertainment, firmy odpowiedzialnej za produkcję takich hitów jak: \"Powrót do przyszłości\", czy \"Kto wrobił królika Rogera\". Jest również twórcą i pomysłodawcą wielu seriali telewizyjnych: \"Strefa mroku\", \"Niesamowite historie\". W 1990 roku stworzył postaci \"animków\", bohaterów serii \"Tiny Toon\", która stała się jedną z najbardziej lubianych przez dzieci na całym świecie. W 1994 roku wspólnie z Davidem Geffenem i Jeffreyem Katzenbergem założył Dreamworks, firmę zajmującą się produkcją filmów i programów multimedialnych. Do ich największych osiągnięć należy zaliczyć obraz \"Książę Egiptu\", animowaną opowieść opowiadającą o życiu Mojżesza i grę komputerową \"The Neverhood\", w której wykorzystano nowatorskie metody tworzenia grafiki komputerowej.','http://1.fwcdn.pl/p/01/06/106/392698.1.jpg'),(17,'Tom','Cruise','1962-07-03','Tom Cruise jest jednym z najpopularniejszych i najbardziej wpływowych aktorów Hollywood. Urodził się 3 lipca 1962 roku w Syracuse w stanie Nowy Jork jako trzecie z czworga dzieci inżyniera elektronika Thomasa Mapothera i nauczycielki szkół specjalnych Mary Lee Mapother. W dzieciństwie jego rodzice dużo podróżowali, toteż młody Tom, zanim skończył czternaście lat, uczęszczał do piętnastu różnych szkół w Stanach Zjednoczonych i Kanadzie. Dopiero po rozwodzie rodziców osiadł w New Jersey, zamieszkując razem z matką i ojczymem Joe Southem. Jako nastolatek nie był zbyt lubiany przez rówieśników. Miał też problemy z nauką, w czym spory udział miała dysleksja, na którą cierpiał. Marzył o karierze sportowej, lecz plany te przekreśliła kontuzja kolana, której doznał w drużynie zapaśników. Przez jeden rok uczęszczał do seminarium franciszkańskiego, ale porzucił chęć zostania księdzem na rzecz aktorstwa, którym zainteresował się w szkole średniej. W tym celu wyjechał w wieku osiemnastu lat do Nowego Jorku i rozpoczął studia aktorskie pod kierunkiem Phila Gushee w szkole Neighborhood Playhouse. Zadebiutował jako 19-latek niewielką rolą w melodramacie \"Niekończąca się miłość\" w 1981 roku i już wtedy zwrócił na siebie uwagę. Kolejnymi jego filmami były \"Szkoła kadetów\", \"Tracąc to\" i \"Wyrzutki\", gdzie miał okazję współpracować ze słynnym reżyserem Francisem Fordem Coppolą. Nie były to jednak wyróżniające się produkcje. Przełomową rolą w jego karierze był udział w komedii kryminalnej \"Ryzykowny interes\". Rola zdemoralizowanego Joela Goodsena, który dostaje się na Uniwersytet Princeton przyniosła Cruise\'owi nominację do Złotego Globu dla najlepszego aktora w komedii lub musicalu. Od tej pory jego kariera nabrała rozpędu, czego efektem była współpraca z Ridleyem Scottem i zagranie głównej roli w reżyserowanym przez niego filmie fantasy \"Legenda\". Jednym z najważniejszych filmów w karierze Cruise\'a jest \"Top Gun\". Przebojowy melodramat sensacyjny Tony\'ego Scotta z 1986 roku hurtem podbił serca milionów widzów na całym świecie, a 24-letniemu Tomowi Cruise\'owi przyniósł gigantyczną popularność. Od tej pory młody aktor stał się pierwszoplanową gwiazdą Hollywood, o którego bili się najlepsi reżyserzy. Kolejnymi jego produkcjami były \"Kolor pieniędzy\" Martina Scorsese, gdzie partnerował Paulowi Newmanowi i zupełnie nieudany \"Koktajl\" Rogera Donaldsona, który przyniósł Cruise\'owi pierwszą nominację do Złotej Maliny dla najgorszego aktora. Ważną dla Toma produkcją jest komediodramat \"Rain Man\" z 1988 roku, gdzie aktor próbował nieco zerwać wizerunek filmowego amanta, grając egoistę, który podczas opieki nad chorym na autyzm bratem (Dustin Hoffman) uczy się dobroci i bezinteresowności. Kolejnym poważnym występem była rola sparaliżowanego weterana wojny w Wietnamie, Rona Kovica, w dramacie Olivera Stone\'a \"Urodzony 4 lipca\". Film okazał się wielkim sukcesem artystycznym (był nominowany dla najlepszego obrazu roku) i przyniosła Cruise\'owi wiele wyróżnień, z których najcenniejszymi są jego pierwsza nominacja do Oscara dla najlepszego aktora pierwszoplanowego i wygrana Złotego Globu dla najlepszego aktora w dramacie. Po rolach w tych dwóch filmach Cruise\'a przestano postrzegać jako wiecznego uwodziciela, lecz zaczęto myśleć o nim jako o aktorze, który ma wielkie predyspozycje i możliwości. Tom postanowił pójść za ciosem i w jego kolejnym filmie, chciał wykorzystać schemat, który przyniósł sukces \"Top Gunowi\". \"Szybki jak błyskawica\" - bo o nim mowa - powstał na życzenie aktora i chociaż nie zdobył takiej gigantycznej popularności, jak obraz o pilotach ze szkoły wojskowej, to również stał się dużym przebojem, podbijając serca wielu widzów. Na planie tego filmu Cruise poznał swoją przyszłą żonę Nicole Kidman, z którą zagrał też w \"Za horyzontem\" Rona Howarda z 1992 roku. W tym samym roku do kin wszedł kolejny hit \"Ludzie honoru\". Film stał się sukcesem tak kasowym, jak i artystycznym (nominacja do Oscara dla najlepszego filmu), a rolą młodego prawnika wojskowego, broniącego dwóch żołnierzy, oskarżonych o zabójstwo kolegi, Tom został wyróżniony nominacją (trzecią już w jego karierze) do Złotego Globu dla najlepszego aktora w dramacie. W 1994 roku wystąpił w jednej z głównych ról w horrorze \"Wywiad z wampirem\" Neila Jordana, który dziś uznawany jest jako jeden z najlepszych przedstawicieli swojego gatunku. Cruise zagrał w nim demonicznego wampira Lestata, który przemienia w sobie podobnego arystokratę Louisa (Brad Pitt). Z występem Toma w tej produkcji wiąże się wiele kontrowersji, gdyż zarówno fani książki na motywach której nakręcono film, jak i autorka dzieła, uważały, że obsadzenie Cruise\'a w tej postaci była pomyłką. Fani próbowali nawet przeszkadzać wytwórni zrealizować projekt. Ostatecznie jednak aktor wiarygodnie odegrał swoją rolę, autorka przeprosiła za swoje wcześniejsze obawy, a film stał się prawdziwym przebojem w kinach na całym świecie. Ważnym etapem w życiu Cruise\'a był rok 1993, kiedy to założył wraz Paulą Wagner firmę Cruise/Wagner Productions, stając się tym samym producentem filmowym. Pierwszym jego projektem było \"Mission: Impossible\" z 1996 roku, kinowa wersja popularnego serialu z końcówki lat 80. Film powstał specjalnie na życzenie Toma, który był miłośnikiem telewizyjnego pierwowzoru. Kinowa produkcja okazała się kolejnym wielkim sukcesem w karierze aktora. Nietuzinkowa historia szpiega, który wykonuje niemożliwe misje, stała się kasowym hitem kin na całym świecie, a on sam otrzymał nagrodę Nova dla najbardziej obiecującego producenta filmowego. Seria ta doczekała się trzech kontynuacji (w 2000, 2006 i 2011 roku). W tym samym roku Cruise wystąpił w filmie \"Jerry Maguire\". Jego wspaniale odegraną rolę menadżera futbolowego uhonorowano Złotym Globem dla najlepszego aktora w komedii lub musicalu oraz drugą nominacją do Oscara (przegrał z Geoffreyem Rushem). W 1999 roku wraz ze swoją ówczesną żoną, Nicole Kidman, wystąpił w ostatnim filmie wybitnego reżysera Stanley\'a Kubricka \"Oczy szeroko zamknięte\". Rok ten jednak Tom bardziej zapamięta z powodu zagrania w \"Magnolii\" Paula Thomasa Andersona. Krytycy byli zachwyceni jego kreacją gwiazdora telewizji, mającego swój własny, szowinistyczny program i uciekającego przed przeszłością, z którą jednak w nieoczekiwanym momencie będzie musiał się zmierzyć. Został nagrodzony trzecim w karierze Złotym Globem i trzecią nominacją do Oscara dla najlepszego aktora drugoplanowego (zwyciężył Michael Caine). Po dziś dzień występ w tym filmie jest przez wielu uważany za najlepszą rolę Cruise\'a w jego dotychczasowej karierze. Kolejne jego role nie były już tak spektakularne, ale niemal każdy film, w jakim wziął udział, był wielkim sukcesem komercyjnym. Takimi obrazami jak \"Vanilla Sky\", \"Raport mniejszości\" czy \"Wojna światów\" kontynuował zaczętą w końcówce lat 80-tych drogę olbrzymiej popularności. Dzięki \"Ostatniemu samurajowi\" z 2003 roku został po raz szósty nominowany do Złotego Globu dla najlepszego aktora. Film ten jednak należy zapisać na konto lekkiego rozczarowania, gdyż realizując historię sfrustrowanego weterana wojny secesyjnej, który zmienia się pod wpływem poznania kodeksu honorowego i ideologii samurajów, twórcy liczyli na powtórzenie sukcesu \"Bravehearta\" czy \"Gladiatora\". Skończyło się na nominacjach w prestiżowych nagrodach, ale głównie w kategoriach technicznych. Ciekawe kreacje Cruise stworzył w thrillerze \"Zakładnik\" Michaela Manna i parodystycznych \"Jajach w tropikach\" Bena Stillera. W pierwszym zagrał bezwzględnego płatnego mordercę, była to jedna z nielicznych ról negatywnych w jego karierze. W drugim wcielił się w komediową postać pazernego producenta filmowego, która pod toną charakteryzacji skrywał twarz Toma Cruise\'a. Za tę rolę otrzymał nominację do Złotego Globu dla najlepszego aktora drugoplanowego. Pozostałe jego filmy nie odniosły wielkich sukcesów. Thriller polityczny \"Ukryta strategia\", dramat \"Walkiria\" i pastiszowa komedia akcji \"Wybuchowa para\" to spore rozczarowania. Końcem 2011 roku na ekranach kin zagościła czwarta odsłona \"Mission: Impossible\", która przerwała passę słabszych tytułów. Kolejny jego film, musical \"Rock of Ages\", okazał się sporych rozmiarów porażką, tak artystyczną jak i finansową. Jego kolejne projekty to film sensacyjny \"Jack Reacher: Jednym strzałem\", gdzie Cruise kreuje kolejną w swojej karierze rolę agenta oraz widowisko SF \"Niepamięć\". Kariera Toma Cruise\'a to pasmo sukcesów, które ugruntowały aktora jako jednego z najpopularniejszych ludzi światka filmowego. Od wielu lat jego nazwisko pojawia się w rankingach na najprzystojniejszych, najlepiej ubranych i najbardziej lubianych gwiazd kina. W 2006 roku magazyn \"Forbes\" wybrał go najbardziej wpływowym człowiekiem show biznesu. Prasa równie dużo interesuje się jego życiem prywatnym. W 2001 roku przeszedł burzliwy rozwód z drugą żoną Nicole Kidman. Od października 2006 był żonaty z Katie Holmes, z którą ma córkę Suri. Małżeństwo to skończyło się w sierpniu 2012 roku. Ma jeszcze dwoje adoptowanych dzieci: córkę Isabellę Jane i syna Connora. Wiele osób uważa go za osobą bardzo kontrowersyjną, ze względu na zbyt duże obnoszenie się swoimi przekonaniami religijnymi Kościoła Scjentologicznego.','http://1.fwcdn.pl/p/00/24/24/345965.1.jpg'),(18,'Justin','Chatwin','1982-10-31','Justin Chatwin urodził się 31 października 1982 roku w Nanaimo w Kanadzie. Jako aktor zaistniał w filmie Stevena Spielberga \"Wojna Światów\" oraz w niezależnym filmie \"The Chumscrubber\". Niektóre z jego poprzednich ról obejmowały takie filmy jak \"SuperBabies: Baby Geniuses 2\", \"Taking Lives\" oraz mini- serial \"Taken\". Justin Chatwin zagrał Josha Wilsona w serialu \"Trawka\", ale opuścił ekipę, angażując się w Wojnę światów. Mimo wszystko producenci planują zatrudnić go ponownie jako stałego odtwórcę tej roli od drugiego sezonu serialu. Justin studiował ekonomię na University of British Columbia.','http://1.fwcdn.pl/p/95/63/139563/394749.1.jpg'),(19,'Dakota','Fanning','1994-02-23','Hannah Dakota Fanning urodziła się 24 lutego 1994r. Conyers, stan Georgia, Stany Zjednoczone, gdzie mieszkają jej rodzice i młodsza o 4 lata siostra Elle. Ojciec Dakoty Steve Fanning, w latach 90. grał w pomniejszych ligach baseballowych, a obecnie pracuje jako elektryk. Uczęszczała na lekcje baletu, gry na pianinie, a także języka hiszpańskiego. Pływa. Jeździ konno. Kolekcjonuje lalki. Przygotowując się do kolejnych ról podgląda członków rodziny. Aby rozpłakać się przed kamerą, wspomina śmierć swojej złotej rybki. Dakota już w wieku 4 lat organizowała występy teatralne dla rodziców, którzy postanowili dać jej szanse przed kamerą. Jak sie okazała odkryli u niej ogromny talent aktorski. Ma zaledwie 12 lat a wystepowała u boku takich gwiazd jak: Tom Cruise, Denzel Washington, Miranda Otto, Robert De Niro, Charlize Theron, czy Christopher Walken. Zagrała w wileu kasowych serialach. Przełomowy okazał sie dla niej rok 2001 gdzie wygrała casting i zagrała w filmie \"Sam\" Jessiego Nelsona obok Seana Penna, oprócz tego grała w takich filmach jak : \"Człowiek w ogniu\", \"Kot\", \"Siła strachu\" czy \"Wojna światów\" . Posiada wiele nagród filmowych i co najwazniejsze to to że wszystko wskazuje na to, iż Dakota Fanning nie jest gwiazdką jednego sezonu i bedzię szła do przodu szokując nas swoim talentem w coraz to nowszych filmach.','http://1.fwcdn.pl/p/48/13/54813/271361.1.jpg'),(20,'Miranda','Otto','1967-12-16','Miranda Otto jest córką australijskiego aktora Barry`ego Otto. Skończyła znany australijski National Istitute of Dramatic Art, (NIDA) do których uczęszczali także Mel Gibson i Hugo Weaving. Jej pierwszą większą rolą filmową była rola w filmie \"Emma`s war\" w 1986 roku. Była cztery razy nominowana do nagrody AFI - za filmy: \"The Well\", \"In The Winter Dark\", \"Daydream Believer\" i \"The Last Days of Chez Nous. Otrzymała trzy razy nagrodę Film Critics Circle of Australia Award - za \"Dead Letter Office\", \"The Well\" i \"Love Serenade\". Zagrała też w kilku filmach telewizyjnych - \"The Jack Bull\", \"Police Rescue\" i \"GP\"','http://1.fwcdn.pl/p/36/43/3643/367042.1.jpg'),(21,'David','Basche','1968-08-25','David Alan Basche jeszcze nie ma biografii.','http://1.fwcdn.pl/p/25/43/142543/248261.1.jpg'),(22,'Peter','Jackson','1961-10-31','Można stwierdzić, że miłość do tworzenia filmów tkwiła w nim od dziecka, zwłaszcza do horrorów, urodził się w halloween. Nie skończył żadnej szkoły, porzucił edukację w wieku 17 lat. Jego pierwszym filmem był \"Zły smak\" nakręcony w 1987 wyłącznie z funduszy Jacksona. Prawdziwym przełomem okazały się jednak \"Martwica Mózgu\" w 1992 i słynne \"Niebiańskie istoty\". Ten drugi film przyniósł mu nominację do Oskara za scenariusz. Chyba jednak każdy przyzna, że największe uznanie (jak dotąd) przyniosła mu ekranizacja powieści J.R.R Tolkiena - \"Władca Pierścieni\". Przygotowywał się do tego kilka lat. Stworzył również remake \"King Konga\", który planował zrealizować już wcześniej, lecz nie cieszył się wtedy tak dużą popularością jak obecnie i nie chciano mu powierzyć tego zadania. Jako aktora mogliśmy go już zauważyć we \"Władcy Pierścieni\". W \"Drużynie Pierścienia\" jako pijaka pod Karczmą w Bree, a w \"Dwóch Wieżach\" jako członka plemienia Dzikich Ludów. ','http://1.fwcdn.pl/p/16/06/11606/314454.1.jpg'),(23,'Elijah','Wood','1981-01-28','Jedna z najbardziej obiecujących, młodych gwiazd Hollywood. W świat show business\'u wysłała go mama, która pewnego razu, oglądając telewizyjną reklamę, stwierdziła, że jej synek mógłby przecież w niej występować - był uroczym dzieckiem, w szkole podstawowej śpiewał w chórze, grał w szkolnych przedstawieniach. Pani Wood posłała więc siedmioletniego Elijah\'a do szkoły dla dziecięcych modeli, a po pół roku zawiozła do Hollywood, na międzynarodowy konkurs młodych talentów, gdzie został zauważony przez agenta i zaproponowano mu karierę aktorską. Po miesiącu rodzina Wood przeprowadziła się do Los Angeles. Elijah wprawdzie zaczął karierę bardzo wcześnie, ale swoje wychowanie uważa za tradycyjne, jest bardzo związany ze starszym bratem Zachariahem i młodszą siostrą Hannah. Największy wpływ na Elijah\'a miała matka, która wspierając syna, chodziła z nim na wszystkie przesłuchania i wywiady, czekała na niego na planie filmowym. Pierwszą rolę dostał w teledysku Pauli Abdul, potem grał w \"Powrocie do przyszłości II\" (1989), \"Wydziale wewnętrznym\" (1990); krytycy zauważyli go w \"Avalonie\", nominowanym do czterech Oskarów filmie Barrego Levinsona z 1990 roku, gdzie zagrał syna głównego bohatera. Rok później występuje z Melanie Griffith i Donem Johnsonem w \"Paradise\" (1991), jako młody chłopiec, który pomaga skłóconej parze wrócić do siebie po burzliwym rozstaniu. Grywał u boku gwiazd - z Melem Gibsonem w \"Wiecznie młody\" (1992), Kevinem Costnerem w \"The War\" (1994). W \"Synalku\" zmierzył się z inną dziecięcą gwiazdą - Macaulayem Culkinem. Film okazał się porażką, ponieważ publiczność nie mogła przyzwyczaić się do psychopatycznego synalka odtwarzanego przez blond-chłopię z \"Kevin sam w domu\". Wood, grający tu dobrego, uczuciowego chłopca, utwierdził stereotyp ról, jakie często otrzymuje. Przed podobnym, choć ambitniejszym zadaniem postawił go Ang Lee, reżyser \"The Ice Storm\" (1997), gdzie w roli Mikey\'a Carvera sportretował myślącego, wrażliwego, a zarazem bezradnego bohatera. Film okazał się finansowym i aktorskim sukcesem dla Elijah\'a. ','http://1.fwcdn.pl/p/29/55/2955/354632.1.jpg'),(24,'Sean','Astin','1971-02-25','Sean Astin urodził się 25 lutego 1971 roku w Santa Monica. Skończył Crossroad High School for the Arts.Zadebiutował w wieku 8 lat w filmie telewizyjnym \"Please Don\'t Hit Me Mom\". Wystąpił tam razem ze swoją matką, Patty Duke. Jego ojciec, John Astin, jest również aktorem, dzięki czemu Sean od najmłodszych lat miał bardzo dobry kontakt z filmem. Za rolę w filmie \"Low Life\" został nagrodzony na Fort Lauderdale Film Festival. Otrzymał również dwukrotnie nagrodę Youth in Film/ Young Artist Award - raz za rolę w \"Postrzeleńcach\", drugi raz za \"Staying Together\". Oprócz grania w filmach, Astin zajmuje się też reżyserowaniem. W 1995 jego film \"Kangaroo Court\" był nominowany przez Amerykańską Akademię Filmową jako najlepszy film krótkometrażowy. Astin ma tytuł naukowy na UCLA (Historia/ Amerykańska Literatura i Kultura). Jego żona Christine jest producentką. Ma córkę Alexandre Louise.','http://1.fwcdn.pl/p/62/21/6221/377290.1.jpg'),(25,'Billy','Boyd','1968-08-28','Urodzony w Glasgow, Szkocja w 1968, ten to utalentowany młody chłopiec, zainspirowany przez Gwiezdne Wojny by próbować swoich sił w aktorstwie po raz pierwszy poznał smak sztuki aktorskiej w produkcji jego szkoły „Oliver” gdy miał 10 lat. Jego rodzice bardzo mu pomagali dowożąc go ponad dwugodzinną trasą na jego przedstawienia. Niestety umarli kiedy Billy miał 12 lat, odtąd wychowywała go babcia. Zdał sobie sprawę z tego, że aktorstwo przynosi mu wielką przyjemność powiedział szkolnemu pedagogowi kim chciałby zostać w przyszłości, lecz pedagog zniechęcił go do tego wyboru i powiedział „zatrzymaj to w tajemnicy”. Kiedy miał 17 lat rzucił szkołę i zaczął pracę w warsztacie introligatorskim. Pracował tam przez cztery lata jako praktykant i dwa lata jako etatowy pracownik. Jak na ironię, podczas gdy on tam pracował trylogia Władca Pierścieni była właśnie tam drukowana, a on sam złożył wiele kopii tej książki własnymi rękoma. Po sześciu latach składania książek miał naprawdę tego dosyć. Billy planował wyjazd do Ameryki na rok, ale przed wyjazdem zadzwonił do Royal Scottish Academy of Music and Drama i spytał się o możliwość zapisania się do niej po jego powrocie. Stało się tak, że było jeszcze kilka wolnych miejsc w Akademii i zaproponowano mu rozpoczęcie nauki. Billy rozpoczął naukę w renomowanej, szkockiej akademii muzyki i teatru. Był w trzyletniej klasie teatralnej gdzie pracował na swój stopień naukowy, w tym samym czasie studiując wszystko - od Szekspira do wyrabiania teatralnych marionetek. Przez ten czas Billy miał kilka małych ról w serialach telewizyjnych takich jak \" Dsown Amongst The Boy\" (\"Na dół Wśród Chłopców”) i \"Taggart\". Po ukończeniu uczelni grał w wielu sztukach teatralnych tj. \'The Slab Boys\', \'The Diary of Adrian Mole\' itd. w teatrze The St. Andrews gdzie dostał pierwsze płatne role. Wtedy otrzymał telefon od swojego agenta, który poinformował go o przesłuchaniu do LOTR i czy chciałby tam pójść. Pojechał nie spodziewając się wiele, ale w ciągu kilku miesięcy Peter Jackson przyjechał do Szkocji a poznać Bill’ego i przesłuchać go osobiście. W czasie, gdy był na przesłuchaniu do nowego show otrzymał telefon od agenta-zaproponowano mu rolę Pippina w LOTR.','http://1.fwcdn.pl/p/91/61/49161/371659.1.jpg'),(26,'Dominic','Monaghan','1976-12-08','Monaghan jest najlepiej znany brytyjskiej publiczności z serialu \"Hetty Wainthropp Investigates\". Zagrał główną role w serialu \"Monsignor Renard\" (1999), pojawia sie także w \"This Is Personal: The Hunt for the Yorkshire Ripper\". Jego pierwszy debiut filmowy to \"Boomer\" z Rutgerem Hauerem i Martinem Shaw. Na scenie występował w brytyjskich produkcjach: \"The Resurrectionists,\" \"Whale\" oraz \"Annie and Fanny from Bolton to Rome.\" Dominic został owładnięty magia kina, gdy w wieku 6 lat obejrzał \"Gwiezdne wojny\". Jego innymi obsesjami są m.in. pisanie, muzyka, moda, piłka nożna i surfing. Chcąc spożytkować swoje zdolności pisarskie, on i jego przyjaciel Billy Boyd są w trakcie tworzenia scenariusza. Urodzony i wychowany w Berlinie, w wieku 12 lat wraz z rodzina przeprowadził sie do Manchesteru w Wielkiej Brytanii. Płynnie mówi po niemiecku, a także ma niezwykły dar naśladowania zachowania innych ludzi. Występował w roli Meriadoca Brandybucka (Merry’ego) w trzech częściach trylogii filmowej Petera Jacksona \"Władca Pierścieni\". Wystąpił na ekranie w filmie Chrisa Atkina \"The Purifiers\", którego premiera odbyła się w 2004 roku, a także w \"Spivs\", w którym zagrał także Nick Moran. ','http://1.fwcdn.pl/p/83/47/8347/386170.1.jpg'),(27,'Ian','Holm','1931-09-12','Przyszedł na świat w klinice psychiatrycznej, gdyż jego ojciec był tam ordynatorem. W 1950 roku dostał się do Królewskiej Akademii Sztuk Dramatycznych w Londynie. Po studiach wstąpił na rok do wojska. Potem przyłączył się do Royal Shakespeares Company, z którą współpracował przez następne dziesięć lat. Aktor po raz pierwszy pojawił się na scenie w przedstawieniu \"Tytus Andronikus\" reżyserowanym przez Laurance\'a Oliviera. Następnie zadebiutował na wielkim ekranie - zagrał Puka we \"Śnie nocy letniej\"(1968). Za film \"The Bofors Gun\" Jacka Golda Ian Holm otrzymał, w 1968 roku, nagrodę Brytyjskiej Akademii Filmowej dla najlepszej męskiej roli drugoplanowej. Stworzył niezwykłą kreację aktorską w \"Obcym\" Ridley\'a Scotta, w którym zagrał androida Asha. W 1981 roku otrzymał nagrodę Brytyjskiej Akademii Filmowej, nagrodę na festiwalu w Cannes, oraz nominację do Oskara dla najlepszego aktora drugoplanowego za rolę w \"Rydwanach ognia\" Hugh Hudsona. Aktor zagrał też u Woody\'ego Allena w filmie \"Ta druga kobieta\", jako mąż głównej bohaterki oraz u Luca Bessona w \"Piątym elemencie\"(1997), jako ksiądz Vito Cornelius. Holm wystąpił również w ekranizacji trylogii \"Władca Pierścieni\" J.R.R. Tolkiena w reżyserii Petera Jacksona, gdzie zagrał Bilbo Bagginsa.','http://1.fwcdn.pl/p/39/97/3997/341680.1.jpg'),(28,'Viggo','Mortensen','1958-10-20','Viggo Mortensen urodził się 20 października 1958 roku w Nowym Jorku, dzieciństwo spędził na Manhattanie. Wraz z rodzicami, Duńczykiem i Amerykanką, bardzo dużo podróżował - m.in. po Danii i Ameryce Południowej. Grać zaczynał w Nowym Jorku, ale po pewnym czasie przeniósł się do Los Angeles. Za rolę w sztuce \"Bent\" otrzymał Drama-Logue Critics\' Award. Na dużym ekranie zadebiutował w filmie Petera Weira \"Świadek\" i od tego czasu zagrał u wielu znanych reżyserów, m.in. u Jane Campion, Briana De Palma, Ridleya Scotta i Tony\'ego Scotta. Oprócz grania, Mortensen zajmuje się również fotografią, malarstwem i poezją. Założył wydawnictwo Perceval Press,  promujące prace niezależnych artystów. Sam zadebiutował w 1993 r. tomem wierszy pt. \"Ten Last Night\". Opublikował albumy stanowiące autorskie zbiory fotografii, prac malarskich i wierszy: \"Coincidence of Memory\", \"Miyelo\", \"The Horse is Good\", \"Linger\", \"I Forget You For Ever\", \"Skovbo\". W 2010 r. wydał dwujęzyczny hiszpańsko-angielski tom wierszy pt.\"Canciones de Invierno - Winter Songs\". Wystawiał swoje fotografię i obrazy w galerii w Los Angeles (USA) i Roskilde (Dania).','http://1.fwcdn.pl/p/30/60/3060/362317.1.jpg'),(29,'Ian','McKellen','1939-05-25','Ian McKellen urodził się 25 maja 1939 r. w Burnley w Anglii. Skończył Uniwersytet w Cambridge na wydziale literatury angielskiej. Zadebiutował w 1961 roku w Belgrade Theatre w Coventry. Zagrał w wielu sztukach, m.in. \"Wiśniowy Sad\", \"Wujaszek Wania\", \"Edward II\", \"Wróg ludu\". Grał dla Royal Shakespeare Company i Royal National Theatre w Londynie. Wytępował również w wielu krajach w sztukach \"Acting Shakespeare\" i \"A Knight Out\". W 1981 roku otrzymał Tony Award za rolę Saleriego w \"Amadeuszu\". W roku 2001 sezon na Brodwayu został otwarty sztuką \"Dance of Death\", w której McKellen zagrał Edgara. Oprócz występowania w teatrze, Ian bardzo dużo gra w filmach. Otrzymał też kilka nagród, w tym: Złoty Glob za rolę drugoplanową w telewizyjnym filmie \"Rasputin\", Cable Ace Award za \"A orkiestra grała dalej\", Royal Television Performer of the Year za \"Waltera\". Był też scenarzystą i producentem \"Ryszarda III\",gdzie również wystąpił w roli tytułowej. Za rolę Jamesa Whale`a w filmie \"Gods and Monsters\" zdobył nominację do Oscara w roku 1998. Dużą popularność przyniosła mu rola Magneta w \"X-Men\", niedługo zagra w drugiej części tego filmu. Oprócz tego wystąpi w jednej z głównych ról we \"Władcy Pierścieni\" - jako Gandalf.','http://1.fwcdn.pl/p/61/49/6149/342738.1.jpg'),(30,'Liv','Tyler','1977-07-01','Swoje imię zawdzięcza przypadkowi. Jej matka Bebe Buell (modelka i \"dziewczyna miesiąca\" Playboya) zobaczyła na okładce jednego z magazynów zdjęcie Liv Ullmann. Spodobało jej się imię i postanowiła nadać je swojemu dziecku. W dzieciństwie Liv mieszkała w Portland, razem z matką i siostrą. Chociaż w jej domu nigdy się nie przelewało, gościły tam takie gwiazdy, jak Elvis Costello, czy Mick Jagger. Do jedenastego roku życia była przekonana, że jej ojcem jest Todd Rundgren - producent płytowy i wokalista zespołu Utopia. W swoje dwunaste urodziny przyjęła nazwisko swojego prawdziwego ojca - Stevena Tylera - wokalisty zespołu Aerosmith. W wieku czternastu lat wyjechała razem z matką, do Nowego Jorku, aby rozpocząć karierę modelki. Udało się - jej twarz zaczęła zdobić popularne w Stanach Zjednoczonych magazyny, takie jak \"Seventeen\", czy \"Mirabella\". Po roku postanowiła spróbować swych sił jako aktorka. Karierę rozpoczęła występując w teledysku grupy Aerosmith - \"Crazy\". Następnie wygrała zdjęcia próbne do niezależnego filmu Jamesa Mangolda - \"Victor, syn Dolly\". Potem wystąpiła w obrazie Bruce\'a Beresforda - \"Zrozumieć ciszę\". Przełomem w jej karierze aktorskiej była rola Lucy w \"Ukrytych pragnieniach\" Bernardo Bertolucciego. Przyniosła ona Liv nominację do nagrody Young Star Award oraz uznanie krytyków filmowych na festiwalu w Cannes. Teraz było już \"z górki\". Zagrała w nostalgicznej komedii Toma Hanksa - \"Szaleństwa młodości\", melodramacie Pata O\'Connora - \"Abbottowie prawdziwi\" oraz w superprodukcji Michaela Baya - \"Armageddon\". W latach 2001 - 2003 wystąpiła jako Arwena w trylogii Petera Jacksona - \"Władca Pierścieni\", dzięki czemu zdobyła prawdziwą, światową sławę. W 1997 roku magazyn \"People\" umieścił jej nazwisko na liście 50 najpiękniejszych ludzi świata.','http://1.fwcdn.pl/p/02/19/219/350379.1.jpg'),(31,'Orlando','Bloom','1977-01-13','Orlando Bloom urodził się 13 stycznia 1977 roku w Cantenbury w Wielkiej Brytanii. Jako mały chłopiec postanowił zostać bohaterem takim jak Supermen, a o tym, że będzie aktorem zdecydował gdy dowiedział się, że grający rolę Supermana Christopher Reeve jest właśnie aktorem.Gdy miał cztery lata zmarł jego ojciec. W wieku 16 lat wraz z matką i starszą (Samanta - 2 lata starsza) siostrą przeprowadził się do Londynu, by wzbogacić i rozwinąć swoją karierę. Tam przez dwa lata grał w National Youth Theatre. Po otrzymaniu stypendium rozpoczął naukę w British American Guidhall School of Music and Drama, ukończył tą szkołę. Rolę Legolasa we \"Władcy Pierścieni\" Petera Jacksona dostał na dwa dni przed jej ukończeniem. Ma trzy tatuaże (w okolicach pępka, na łopatce i po wewnętrznej stronie uda). Jego hobby to surfowanie, nurkowanie. Pasjonuje się fotografią. Kibicuje Manchesterowi United. W 1999 r. miał bardzo ciężki wypadek, wypadł z okna i połamał sobie żebra. Na szczęście po operacji wrócił do pełnej sprawności fizycznej. Mieszka w Londynie i Los Angeles. Ma psa Maude. Zajął 19 miejsce w plebiscycie na najprzystojniejszego brytyjskiego aktora.','http://1.fwcdn.pl/p/83/46/8346/389755.1.jpg'),(32,'John','Rhys-Davies','1944-05-05','John Rhys-Davies urodził się 5 maja 1944 roku w Salisbury w Wielkiej Brytanii. Ukończył Royal Academy of Dramatic Arts. pracę ze sceną rozpoczął w Madder-Market Theather w Norwich. Zagrał w wielu sztukach, kilkanaście razy wcielał się w postacie szekspirowskie. Był związany z Royal Shakespeare Company. W filmie zadebiutował małym epizodem w \"Wiatrakach śmierci\". Zagrał również w \"Poszukiwaczach zaginionej Arki\", \"Indianie Jones i ostatniej krucjacie\", \"Victorze/Victorii\" i wielu innych. Dla telewizji wystąpił w wielu filmach i serialach, m.in. w \"Szogunie\" (nominacja do nagrody Emmy), \"Sliders - Piąty wymiar\", \"Nietykalnych\", \"Ja, Klaudiusz\", w \"Wojnie i pamięci\" oraz w \"Nagim urzędniku\". Najważniejszą jak dotychczas jego rolą w filmach fabularnych były kreacje w epickiej trylogii  J.R.R. Tolkiena: \"Władca Pierścieni: Drużyna Pierścienia\", \"Władca Pierścieni: Dwie Wieże\" i \"Władca Pierścieni: Powrót Króla\", w których wcielił się w krasnoluda Gimli.','http://1.fwcdn.pl/p/72/52/7252/314500.1.jpg'),(33,'Hugo','Weaving','1960-04-04','Urodził się i mieszkał w Nigerii do 16. roku życia. Potem przeniósł się wraz z rodziną do Australii, gdzie uczył się w Knox Grammar School w Sydney. Aktorstwa uczył się w National Institute of Dramatic Arts, dyplom uzyskał w 1981 roku. Jego debiut to \"The City\'s Edge\". Potem grywał jeszcze w wielu filmach, ale pierwszy większy sukces przyniósł mu \"Proof\", gdzie zagrał niewidomego fotografa. Za tę rolę otrzymał nagrodę Australijskiego Instytutu Filmowego. Prawdziwym sukcesem okazał się film Stephena Elliota \"Priscilla, królowa pustyni\", w którym to Weaving zagrał z Guyem Piercem i Terencem Stampem. Dzięki niemu zyskał dużą popularność oraz nominację do kolejnej nagrody A.I.F. Za kolejny film \"Przesłuchanie\" Hugo otrzymał, oprócz nagrody A.I.F., nagrodę Międzynarodowego Festiwalu Filmowego w Montrealu. W 1998 został utytułowany australijską Gwiazdą Roku. Międzynarodową sławę przyniosła mu rola w filmie braci Wachowskich \"Matrix\" oraz występ w ekranizacji trylogii \"Władca Pierścieni\", gdzie zagrał elfa Elronda.','http://1.fwcdn.pl/p/56/09/5609/325307.1.jpg'),(34,'Cate','Blanchett','1969-05-14','Początkowo nie interesowała się aktorstwem, studiowała ekonomię na uniwersytecie w Melbourne. Szybko jednak porzuciła szkołę i zaczęła podróżować. W 1992 roku ukończyła Narodowy Instytut Teatralny w Australii. Z powodzeniem grała w teatrze, już za swój pierwszy występ otrzymała wyróżnienie - uhonorowano ją wtedy nagrodą Rosemont jako najlepszą aktorkę. W roku 1994 wystąpiła w telewizji w serialu \"Heartland\", który również przyniósł jej przychylność krytyków. W kinie zadebiutowała filmem \"Rajska droga\" z 1997 roku. W tym samym roku wyszła za mąż za scenarzystę Andrew\'a Uptona. Zagrała również z Ralphem Fiennesem w filmie \"Oscar i Lucinda\". Prawdziwym sukcesem okazał się film \"Elizabeth\", gdzie wcieliła się w postać angielskiej królowej Elżbiety I. Otrzymała za nią wiele nagród, m.in. BAFTA, nagrodę Stowarzyszenia Londyńskich Krytyków i Złoty Glob, natomiast w nominacji do Oscara przegrała z Gwyneth Paltrow. ','http://1.fwcdn.pl/p/64/95/6495/358126.1.jpg'),(35,'Sean','Bean','1959-04-17','Zanim Sean Bean rozpoczął karierę artystyczną pracował jako spawacz w firmie swojego ojca. Jednak szybko zdał sobie sprawę, że nie jest to zawód jaki chciałby wykonywać i spróbował swoich sił jako aktor w miejscowym teatrze w Sheffield (Anglia, Wielka Brytania). W krótkim czasie zyskał sobie miano jednego z najlepszych artystów tej sceny i zachęcony swoimi sukcesami rozpoczął naukę w prestiżowej Royal Academy of Dramatic Art. Po zakończeniu swojej edukacji Bean zadebiutował na dużej scenie jako Tybalt w \"Romeo i Julii\" Williama Szekspira. Rola ta przyniosła mu uznanie krytyków i zaowocowała kolejnymi propozycjami ról. W 1986 r. Derek Jarman zaangażował Beana do swojego filmu \"Caravaggio\". Rola ta została owacyjnie przyjęta przez krytyków i otworzyła aktorowi drogę do elitarnej grupy Royal Shakespeare Company, z którą przez jakiś czas występował. W 1988 r. Bean wystąpił w jednej z głównych ról w głośnym filmie Mike\'a Figgisa \"Burzliwy poniedziałek\", która ostatecznie potwierdziła jego wysoką pozycję w aktorskim świecie i otworzyła drzwi do udziału w produkcjach wysokobudżetowych. Od tamtej pory Sean wystąpił w tak znanych obrazach jak \"Czas patriotów\", czy \"GoldenEye\". Bean jest również zasłużonym aktorem telewizyjnym. Polscy widzowie mogli podziwiać go jako Sharpe\'a, żołnierza z okresu napoleońskiego, w którego postać artysta wcielił się już 14 razy.','http://1.fwcdn.pl/p/02/30/230/352704.1.jpg'),(36,'Christopher','Lee','1922-05-27','Uczył się w Eaton College i Wellington College. Sławę jednak przyniosła mu gra w horrorach. Stał się etatowym Draculą, w którego wcielił się kilka razy. Zagrał w ponad 250 filmach, w tym wielu obcojęzycznych (włoskich, francuskich, niemieckich, hiszpańskich czy rosyjskich) i znalazł się dzięki temu w księdze rekordów Guinnessa. Swego czasu był gospodarzem \"Saturday Night Live\". W XXI wieku znów powrócił do grania w filmach SF i fantasy, a to za sprawą drugiego epizodu \"Gwiezdnych wojen\" i \"Władcy Pierścieni\". W 2003 r. opublikował poszerzone wydanie swojej autobiografii.','http://1.fwcdn.pl/p/73/03/7303/375709.1.jpg'),(37,'Andy','Serkis','1964-04-20','Jego ojciec pracował jako lekarz w Iraku, matka była nauczycielką upośledzonych dzieci. W młodości uczęszczał do londyńskiej St Benedict\'s School. Początkowo chciał zostać malarzem lub grafikiem, dlatego rozpoczął studia w tym kierunku na Lancaster University. Serkis występował na deskach licznych teatrów w Londynie i w innych miastach Wielkiej Brytanii. Ostatnie, cieszące się uznaniem krytyków role teatralne aktora, to \"Potts w Mojo\" w reżyserii Jez Butterworth, \"Król Lear\" i \"Hush\". Wszystkie te przedstawienia wystawiał Royal Court Theatre. Serkis grał także w \"Hurlyburly\" wystawianym przez Old Vic w Queens Theatre, w \"Decadence\" w Bolon Octagon, i w \"Kabarecie\" w Crucible Theatre w Sheffield. Andy Serkis występował jako ekscentryczny choreograf w filmie \"Topsy Turvy\", grał yuppiego w \"Career Girls\", a także u boku Michaela Caine\'a w filmie \"Shiner\". Inne filmy z jego udziałem, to \"Mojo\", \"Among Giants\", \"Loop\", \"Sweety Barrett\", \"The Jolly Boys\", \"Last Stand\" (role główne), grał także pierwszoplanowe role w filmach \"Stella Does Tricks\", \"Five Seconds To Spare\", \"The Near Room\" i \"Pandemonium\". Dużą popularność przyniosła mu rola Golluma w ekranizacji słynnej powieści J.R.R. Tolkiena \"Władca pierścieni\". Stworzona przez specjalistów od efektów specjalnych wirtualna postać bazowała na znakomitej grze Serkisa, który podbił tą kreacją serca fanów na całym świecie. Serkis intensywnie pracuje w telewizji, występował między innymi w doskonałej, niedawnej adaptacji \"Olivera Twista\", grał także główne role w filmie \"The Jump\" i w serialu \"Finner\". Gościnnie występował także w serialach \"Shooting The Past\" i \"Touching Evil\".','http://1.fwcdn.pl/p/45/48/4548/314448.1.jpg'),(38,'Sala','Baker','1976-09-22','Sala Baker jeszcze nie ma biografii.','http://1.fwcdn.pl/p/04/53/140453/311719.1.jpg'),(39,'Miranda','Otto','1967-12-16','Miranda Otto jest córką australijskiego aktora Barry`ego Otto. Skończyła znany australijski National Istitute of Dramatic Art, (NIDA) do których uczęszczali także Mel Gibson i Hugo Weaving. Jej pierwszą większą rolą filmową była rola w filmie \"Emma`s war\" w 1986 roku. Była cztery razy nominowana do nagrody AFI - za filmy: \"The Well\", \"In The Winter Dark\", \"Daydream Believer\" i \"The Last Days of Chez Nous. Otrzymała trzy razy nagrodę Film Critics Circle of Australia Award - za \"Dead Letter Office\", \"The Well\" i \"Love Serenade\". Zagrała też w kilku filmach telewizyjnych - \"The Jack Bull\", \"Police Rescue\" i \"GP\"','http://1.fwcdn.pl/p/36/43/3643/367042.1.jpg'),(40,'David','Wenham','1965-09-21','David Wenham urodził się 21 września 1965 roku w Sydney jako jedno z siedmiorga dzieci Kath i Billa. Dorastał w rodzinie katolickiej. Zanim został aktorem, pracował jako agent ubezpieczeniowy. David jest ceniony przez krytykę za różnorodne kreacje filmowe, teatralne i telewizyjne. Za role w filmach \"Babies\" (1997) i \"Wyrównanie rachunków\" (2003) otrzymał Nagrody Australijskiego Instytutu Filmowego. W swoim rodzinnym kraju najbardziej znany i lubiany jest jako Diver Dan, lakoniczny wędkarz z komediodramatu \"Seachange\".','http://1.fwcdn.pl/p/00/02/40002/346963.1.jpg'),(41,'Bernard','Hill','1944-12-17','Bernard Hill, grający we \"Władcy Pierścieni\" króla Rohanu, Theodena, pochodzi z Wielkiej Brytanii. Wystąpił w wielu sztukach teatralnych, m.in. \"A View from the Bridge\", \"Gasping\", \'The Cherry Orchard\", \"Macbeth\", \"Shortlist\", \"Twelfth Night\", \"Normal Service\' i \"John, Paul, Ringo, and Bert\" W telewizji można było go obejrzeć w: \"Great Expectations\", \"Mill on the Floss\", \"Shepherds on the Rock\", \"Dirty Something\", \"Skallagrigg\", \"One Upon a Time in the North\", \'Crime Story Question of Identity\', \"Art of Tripping\", \"Lipstick on Your Collar\", \"Telltale\" i dobrze znanym seiralu \"I, Claudius\". ','http://1.fwcdn.pl/p/44/40/4440/369892.1.jpg'),(42,'Martin','Freeman','1971-09-08','Martin John C. Freeman urodził się 8 września 1971 r. w Aldershot w Anglii. Ma trzech starszych braci i siostrę. Wychował się w rzymskokatolickiej rodzinie. Jako dziecko cierpiał na astmę. Jego ojciec, Geoffrey, oficer marynarki, zmarł na atak serca, gdy syn miał dziesięć lat. W jednym z odcinków \"Who Do You Think You Are?\" Martin odkrył, że jego dziadek, Leonard Freeman, był sanitariuszem podczas II wojny światowej, w której zginął. Martin dołączył do grupy teatralnej dla młodych w wieku 15 lat, a w wieku 17 lat zdecydował, że to z aktorstwem chce wiązać przyszłość. Jedną z ról, które przyniosły mu największą popularność był Tim Canterbury w serialu \"The Office\". Za tę postać został dwukrotnie nominowany do nagrody BAFTA (w 2003 i 2004 r.). Wystąpił również w takich produkcjach jak \"Hardware\", \"Ali G\", \"Love Actually\", \"This Life\", \"The Robinsons\", \"Black Books\", \"Hot Fuzz\", \"The All Together\", \"Boy Meets Girl\". Od 2010 r. występuje w serialu \"Sherlock\" w roli Doktora Johna Watsona. Za tę rolę był dwukrotnie nominowany do nagrody BAFTA (2011 - wygrana, 2012) oraz jednokrotnie do nagrody Emmy (2012). Wciela się również w postać młodego Bilba Bagginsa w trylogii \"Hobbit\": \"Hobbit: An Unexpected Journey\", \"Hobbit: The Desolation of Smaug\" i \"Hobbit: There and Back Again\".','http://1.fwcdn.pl/p/18/51/61851/245379_1.1.jpg'),(43,'Richard','Armitage','1971-08-22','Richard Armitage, syn sekretarki Margaret i inżyniera Johna, od najmłodszych lat wykazywał spore zdolności artystyczne. W młodym wieku zainteresował się muzyką i to właśnie ta dziedzina była kierunkiem jego nauki w Brockington College w Enderby, gdzie szkolił się m.in. w grze na wiolonczeli i flecie. Swoją edukację kontynuował następnie w sławnym Pattinson College w Coventry, gdzie przeniósł się w wieku 14 lat. Ta niezależna placówka znana jest ze swego nieselektywnego systemu kształcenia, dając sporą swobodę wyboru swym podopiecznym. Tu właśnie zainteresował się nauką aktorstwa i tańca. W międzyczasie związał się również z Alexandre Theatre w Birmingham, gdzie występował. Aktor przerwał edukację w wieku lat 17. W tym to okresie jego uwagę zwróciła grupa teatralna The Second Generation, z którą udał się na kilka miesięcy do Budapesztu. Po powrocie do Anglii skupił się na występach w teatrze muzycznym, pojawiając się na m.in. na West Endzie. Jednakże w wieku 21 lat postanowił kontynuować edukację, wybierając trzyletnie studia aktorskie na słynnej London Academy of Music and Art (LAMDA). Po studiach dołączył do prestiżowego Royal Shakespeare Company i  Birmingham Repertory Theatre. W filmie i produkcjach telewizyjnych Richard zaczął występować jeszcze w latach 90-tych XX wieku. Jego debiutem była epizodyczna i pominięta w napisach rola w serialu brytyjskim \"Boon\". W 2002 roku zagrał drugoplanową rolę Johna Standringa w \"Domu na wrzosowisku\". Dwa lata później otrzymał jedną z głównych ról w mini-serii \"Północ Południe\". Następnie pojawiał się w wielu innych różnych produkcjach brytyjskich, głównie telewizyjnych, m.in. w filmie \"Chłód\", serialach \"ShakespeaRe-Told\", \"Robin Hood\", czy \"Moving On\" i \"Kontra: Operacja Świt\" i in. Pojawił się również w amerykańskich filmach, \"Captain America: Pierwsze starcie\" i \"Hobbit: Niezwykła podróż\".','http://1.fwcdn.pl/p/17/69/281769/326740_1.1.jpg'),(44,'Ken','Stott','1955-03-02','Ken Stott jeszcze nie ma biografii.','http://1.fwcdn.pl/p/27/04/2704/314203.1.jpg'),(45,'Graham','McTavish','1961-01-04','Graham McTavish jeszcze nie ma biografii.','http://1.fwcdn.pl/p/21/49/52149/380314.1.jpg'),(46,'William','Kircher','1958-05-23','William Kircher jeszcze nie ma biografii.','http://1.fwcdn.pl/p/40/82/864082/354405.1.jpg'),(47,'James','Nesbitt','1965-01-15','Aktor teatralny, telewizyjny, pracuje również w produkcjach kinowych. Początkowo chciał zostać nauczycielem języka francuskiego, jednak po kilku występach w szkolnych przedstawieniach i w lokalnym teatrze, stwierdził, że jego powołaniem jest aktorstwo. James Nesbitt ukończył Główną Szkołę Mowy i Dramatu w późnych latach 80-tych. Od tamtej pory pracował w licznych teatralnych przedsięwzięciach. Jego dorobek telewizyjny zawiera m.in. \"Lovejoy\" i \"Between the lines\". Nesbitt zadebiutował na srebrnym ekranie w filmie \"Hear my song\" (1991) z Sandrą Brennan. Jego najważniejsze role to \"Lucky Break\" Petera Cattaneo, \"Wild About Harry\" Declana Lowneya i \"The Most Fertile Man In Ireland\". Wystąpił również w \"Walking Ned Devine\" a także \"Alei Snajperów\" Michaela Winterbottoma. Duży rozgłos przyniosła mu rola w dramacie \"Krwawa niedziela\" Paula Greengrassa. Jest wielkim fanem piłki nożnej, kibicuje drużynie Manchester United.','http://1.fwcdn.pl/p/25/45/2545/358661.1.jpg'),(48,'Stephen','Hunter','1968-10-28','Stephen Hunter jeszcze nie ma biografii.','http://1.fwcdn.pl/p/97/14/949714/254439.1.jpg'),(49,'Dean','O\'Gorman','1976-12-01','Dean O\'Gorman jeszcze nie ma biografii','http://1.fwcdn.pl/p/39/35/83935/325586.1.jpg'),(50,'Aidan','Turner','1983-06-19','Aidan Turner urodził się 19 czerwca 1983 roku w Dublinie. Wychował się w Clondalkin (Południowy Dublin, Irlandia). Jest irlandzkim aktorem filmowym, telewizyjnym oraz teatralnym. Jako dziecko kochał filmy Stevena Spielberga. Jest także fanem irlandzkich reżyserów Jima Sheridana i Neila Jordana. Zaraz po ukończeniu szkoły The Gaiety School of Acting w 2004 roku wystąpił w wielu sztukach teatralnych między innymi \"Romeo i Julia\" czy \"The Plough and the Stars\". Telewizyjna kariera aktorska Turnera rozpoczęła się w 2007 roku gościnnym udziałem w \"Dynastii Tudorów\". Jeszcze w tym samym roku zagrał w dwóch krótkometrażowych filmach: \"The Sound of People\" i \"Matterhorn\". Od 2007 do 2011 roku wcielał się w rolę wampira Mitchella w serialu \"Być człowiekiem\", który w latach 2010 i 2011 był nominowany do nagrody BAFTA. W czasie zdjęć do niego w Bristolu mieszkał obok pozostałych głównych bohaterów tej produkcji: Russella Toveya i  Lenory Crichrow. Wspólnie jadali u Lenory, u Russela oglądali telewizję, a u Aidana słuchali muzyki. Jeszcze podczas kręcenia \"Being Human\" zagrał w niezależnym filmie fabularnym w reżyserii Gerarda Stembridge pod tytułem \"Alarm\", który ukazał się w kinach w całej Irlandii. W 2011 roku zagrał w entuzjastycznie przez krytyków przyjętym filmie opartym na faktach pt.: \"Hattie\", a zaraz po nim został obsadzony w roli Kiliego w trylogii \"Hobbita\" na podstawie książki J.R.R Tolkiena. Filmy były kręcone w Nowej Zelandii przez 14 miesięcy.','http://1.fwcdn.pl/p/73/84/857384/380315.1.jpg'),(51,'John','Callen','1946-11-04','John Callen jeszcze nie ma biografii.','http://1.fwcdn.pl/p/80/02/308002/314470.1.jpg'),(52,'Peter','Hambleton','1960-11-23','Peter Hambleton jeszcze nie ma biografii.','http://1.fwcdn.pl/p/63/46/306346/254427.1.jpg'),(53,'Jed','Brophy','1963-10-29','Jed Brophy jeszcze nie ma biografii.','http://1.fwcdn.pl/p/40/80/44080/327171.1.jpg'),(54,'Mark','Hadlow','1957-11-02','Mark Hadlow jeszcze nie ma biografii.','http://1.fwcdn.pl/p/73/54/57354/254437_1.1.jpg'),(55,'Adam','Brown','1980-05-29','Adam Brown jeszcze nie ma biografii.','http://1.fwcdn.pl/p/26/21/1562621/380317.1.jpg'),(56,'Sylvester','McCoy','1943-08-20','Sylvester McCoy jeszcze nie ma biografii.','http://1.fwcdn.pl/p/69/84/76984/254455.1.jpg'),(57,'Evangeline','Lilly','1977-08-03','Evangeline Lilly kanadyjska aktorka i modelka, jedna z gwiazd serialu \"Lost - zagubieni\". Najpierw w Stanach brała udział w reklamach \"LiveLinks\", później został \"odkryta\" w Vancouver, Kolumbia Brytyjska przez agencje Ford. Przez krótki okres swego życia działa jako misjonarka, odwiedzając 14 państw. Studiowała stosunki międzynarodowe na University of British Columbia. Przez pewien czas imała się różnych prac, by opłacić studia - była m.in. stewardessą i kelnerką. W 2004 roku znalazła się w rankingu najbardziej obiecujących gwiazd zorganizowanym przez magazyn Entertainment Weekly. Wolny czas spędza bardzo aktywnie uprawiając sporty ekstremalne, takie jak: iceskating, kajakarstwo, snowboarding oraz wspinaczki skałkowe.','http://1.fwcdn.pl/p/55/62/225562/391239.1.jpg'),(58,'Luke','Evans','1979-04-15','Luke Evans jeszcze nie ma biografii.','http://1.fwcdn.pl/p/96/74/409674/324032.1.jpg'),(59,'Lee','Pace','1979-03-25','Lee Grinner Pace - (ur. 25 marca 1979 r.),  Chickasha, Oklahoma, syn nauczycielki Charlotte i inżyniera Jamesa Roya Pacea. Pierwsze kilka lat życia spędził w Arabii Saudyjskiej, gdzie pracował jego ojciec, potem przeniósł się z rodziną do Huston w Texasie. Uczęszczał do Klein High School razem z aktorem Mattem Bomerem. Pace tymczasowo porzucił szkołę żeby występować w Alley Theatre. Po skończeniu liceum dostał się do Julliard School Drama Division. W między czasie występował w licznych sztukach jak Rome i Julia, Julius Caesar czy Richard III. W 2006 roku zdobył nagrodę Lucille Lortel Award dla wybitnych aktorów scenicznych. Po osiągnięciu sukcesu na scenie przeniósł sie na ekran i w 2003 roku zadebiutował w filmie Soldier\'s Girl, potem wystąpił m.in. w takich filmach jak Niezwykły dzień panny Pettigrew, Opętanie czy Zmierzch. W 2011 roku został wybrany do odtworzenia roli króla Thranduila w Hobbicie i jego kontynuacjach w 2013 i 2014 roku, zdobył też role Ronana w Strażnikach Galaktyki. Wystąpił w kilku serialach jak Pushing Daisys czy Halt and Catch Fire. Za swoje role zdobył nagrodę Gotham i nominacje do wielu innych w tym do Złotego Globa.','http://1.fwcdn.pl/p/07/92/140792/340858.1.jpg'),(60,'Mikael','Persbrandt','1963-09-25','Szwedzki aktor filmowy i teatralny. Urodzony 25 września 1963 roku w Jakobsberg (niewielka miejscowość pod Sztokholmem). W szwedzkich produkcjach często wybierany jest do odgrywania roli filmowych twardzieli. Najbardziej znany jest jako inspektor Gunvald Larsson, w którego wcielił się w serialu kryminalnym \"Beck\" w  latach 1997–2008. W 2007 roku oficjalnie rozstał się z teatrem na rzecz występów w produkcjach filmowych i telewizyjnych, za co był mocno krytykowany przez wiele osób ze świata teatru. Jako aktor był czterokrotnie nominowany do Złotych Żuków, wyróżnień przyznawanych przez Szwedzki Instytut Filmowy, co zaowocowało jedną statuetką – dla najlepszego aktora pierwszoplanowego w filmie \"Uwiecznione chwile\". ','http://1.fwcdn.pl/p/88/35/98835/230883.1.jpg'),(61,'Stephen','Fry','1957-07-28','Stephen Fry urodził się 24 sierpnia 1957 r. w Hapstead, w Londynie. Jest synem Marianne Eve Fry (z domu Newman) i Alana Johna Fry, brytyjskiego fizyka i wynalazcy. Ma starszego brata Rogera i siedem lat młodszą siostrę Jo Foster, która jest jego agentką. Dziadkowie Stephena, od strony matki, Martin i Rosa Neumann, byli węgierskimi, żydowskimi emigrantami z Šurany (miejscowość ta znajduje się obecnie na terenie Słowacji). Ciotka matki Stephena i jej kuzynostwo zginęli w Auschwitz. Fry dorastał w wiosce Booton, niedaleko Reepham w Norfolk. Przez krótki czas uczęszczał do Cawston Primary School, w Cawston, a w wieku siedmiu lat zaczął naukę w Stouts Hill Preparatory School w Uley. Następnie został uczniem Uppingham School w Rutland, skąd został wydalony w wieku 15 lat, wyrzucono go również z kolejnej szkoły - Paston School. W wieku 17 lat opuścił Norfolk College of Arts and Technology, ukradł kartę kredytową rodzicom swojego przyjaciela i uciekł. Został  aresztowany w Swindon i w rezultacie spędził trzy miesiące w Pucklechurch Prison. Następnie postanowił wznowić naukę, poszedł do City College Norwich obiecując, że będzie uczył się pilnie, by zdać egzaminy wstępne do Cambridge. Jego wyniki w nauce były tak dobre, że uzyskał stypendium Quenns\' College, Cambridge. W czasie studiów na uniwersytecie Fry dołączył do Cambridge Footlights (amatorskiego teatru studenckiego), gdzie poznał swojego najlepszego przyjaciela i przyszłego współtwórcę skeczów - Hugh Lauriego. Fry pojawiał się także w University Challenge (brytyjski quiz telewizyjny). Ostatecznie ukończył anglistykę. Swą karierę w telewizji Stephen Fry rozpoczął w 1982 r. występując w \"The Cellar Tapes\", które tworzone było przez Fry\'a, Lauriego, Emmę Thompson i Tony Slattery. Przyciągnęło to uwagę Granada Television, która zatrudniła Stephena, Hugh i Emmę u boku Bena Eltona w \"There\'s Nothing to Worry About!\". W latach 1986-1995 BBC emitowało \"Kawałek Fry\'a i Laurie\'ego\", w którym tytułowi komicy wykonywali napisane przez siebie skecze. Serial był wysoko oceniany przez krytyków. W latach 80 Fry pracował w radiu i telewizji oraz pisywał w gazetach (na przykład cotygodniowo dla \"Daily Telegraph\"), okazjonalnie robi to nadal. Od drugiego sezonu (1986 r.) grał również w \"Czarnej Żmii\". W 1990 r. wraz z Hugh Lauriem występowali w serialu kostiumowym \"Jeeves and Wooster\". W 1995 r. zagrał główną rolę w sztuce \"Cell Mates\", która niestety nie odniosła sukcesu. Niepochlebne recenzje spowodowały, że Fry nic nikomu nie mówiąc zniknął na kilka dni. Krótko po tym zdarzeniu, jeszcze w tym samym roku zostały u niego zdiagnozowane zaburzenia afektywne dwubiegunowe (jest to choroba psychiczna powodująca skrajne nastroje - od głębokiej depresji, po okresy manii, którą charakteryzują, między innymi, wzrost energii, gonitwa myśli, czy nawet halucynacje). Przez długi czas ukrywał chorobę, jednakże w 2006 r. nakręcił dokument \"The Secret Life of Manic Depressive\", w którym on sam i wielu innych dotkniętych zaburzeniami afektywnymi dwubiegunowymi otwarcie mówią o swej chorobie. W 1997 r. wcielił się w postać brytyjskiego pisarza Oscara Wilde\'a w filmie \"Wilde\", który odniósł ogromny sukces. W latach 2001-2006 oraz w 2012 i 2013 był gospodarzem \"BAFTA Film Awards\", a w 2011 r. zagrał rolę Mycrofta, w \"Grze cieni\". Stephen Fry jest odnoszącym sukcesy komikiem, aktorem, dziennikarzem, poetą, scenarzystą, reżyserem i pisarzem. W swoim dorobku pisarskim posiada nie tylko bestsellerowe nowele, takie jak \"Blagier\", czy \"Hipopotam\", ale także nagradzane sztuki teatralne, takie jak, na przykład \"Latin! or Tobacco and Boys\". Fry jest również lektorem - jego głos słychać na wszystkich brytyjskich audiobookach Harry\'ego Pottera oraz wielu grach wideo - na przykład PlayStation All-Stars Battle Royale, czy LittleBigPlanet, oraz czterech pierwszych grach o Harrym Potterze. Ponadto w 2011 r. czytał wiersze Czesława Miłosza dla brytyjskiego grona odbiorców \"Projektu Audiobook Czesława Miłosza\" zrealizowanego w ramach Zagranicznego Programu Kulturalnego Polskiej Prezydencji. Oprócz tego Stephen Fry zaangażowany jest w różne akcje dobroczynne (między innymi jest bliskim współpracownikiem księcia Karola w jego akcji charytatywnej \"Prince\'s Trust\") oraz polityczne. Obecnie (od 2004 r.) prowadzi znakomity quiz telewizyjny \"QI\".','http://1.fwcdn.pl/p/50/70/5070/373398.1.jpg'),(62,'George','Lucas','1944-05-14','Mimo stosunkowo niewielkiego dorobku reżyserskiego George Lucas uważany jest za jednego z najbardziej utalentowanych i kasowych artystów Hollywood. Jest autorem kultowej serii \"Gwiezdne wojny\" a także pomysłodawcą filmów o przygodach Indiany Jonesa. Po ukończeniu Uniwersytetu Południowej Karoliny Lucas pracował jako asystent Francisa Forda Coppoli przy realizacji musicalu \"Tęcza Finiana\". Twórca \"Czasu Apokalipsy\" odkrył drzemiący w George\'u talent i umożliwił mu realizację pierwszego filmu kinowego \"THX-1138\". Obraz ten mimo, iż nie został sukcesem kasowym to zwrócił uwagę krytyków na reżysera i zaowocował bardzo pochlebnymi recenzjami. W 1973 r. Lucas zrobił film, który przyniósł mu popularność: \"Amerykańskie graffiti\". Kosztował on zaledwie 750 tys. dolarów a okazał się jedną z najbardziej dochodowych produkcji dekady. Cztery lata później Lucas wyreżyserował swój ostatni jak na razie film \"Gwiezdne wojny\". Obraz stał się i jest do dzisiaj przebojem po obu stronach oceanu. Wiele osób uważa go za dzieło kultowe. Film kosztował 10,5 miliona dolarów a zarobił ponad 400 milionów, nie licząc dochodów z gadżetów jak: koszulki, kubki itp. Mimo propozycji wyreżyserowania kolejnych części gwiezdnej trylogii \"Imperium kontratakuje\" i \"Powrót Jedi\" Lucas odmówił i skupił się na ich produkcji. W 1981 r. stworzył wraz ze Stevenem Spielbergiem postać Indiany Jonesa, którego przygody opisane w trzech filmach cieszyły się popularnością na całym świecie. W 1997 r. na ekrany kin weszła wersja specjalna \"Gwiezdnych wojen\", która została zrealizowana z okazji dwudziestolecia serii. Oprócz kilku nowych scen, które się tam znalazły specjaliści z Lucasart poprawili również dźwięk i efekty specjalne. W roku 1999 widzowie ujrzeli długo zapowiadaną część pierwszą trylogii, której reżyserem był Lucas.','http://1.fwcdn.pl/p/00/67/67/253310.1.jpg'),(63,'Mark','Hamill','1951-09-25','Jako syn wojskowego za młodu zwiedził większą część Stanów i Japonię. Swój debiut filmowy miał w serialu telewizyjnym \"The Cosby Show\". Jakiś czas potem dostał rolę swojego życia - Luke\'a Skywalkera z \"Gwiezdnych Wojen\". W międzyczasie próbował swych sił na Broadwayu, jednakże po zakończeniu \"Powrotu Jedi\" zaczęły się jego kłopoty. Stał się aktorem tak charakterystycznym, że trudno było go obsadzić w innej roli niż Luke\'a Skywalkera. W latach 90. zaczął podkładać głosy w kreskówkach (głównie \"Batman\") oraz wystąpił w kilku grach komputerowych (\"The Full Throttle\"- głos, czy kilka z serii \"Wing Commander\", gdzie wystąpił u boku Johna Rhys-Daviesa i Malcolma McDowella.). Jego syn Nathan poszedł w jego ślady.','http://1.fwcdn.pl/p/47/87/4787/319767.1.jpg'),(64,'Harrison','Ford','1942-07-13','Harrison Ford jest jednym z najpopularniejszych gwiazdorów światowego kina. Dorastał na przedmieściach Chicago. Dla aktorstwa zrezygnował z nauki w Ripon College. Zadebiutował w filmie \"Spryciarz Ed\". Po pierwszych niepowodzeniach zawodowych zajął się stolarstwem, które do dziś stanowi jego hobby. W latach 70. grywał niewielkie role u takich reżyserów jak Michelangelo Antonioni, George Lucas czy Francis Ford Coppola. Rok 1977 oznaczał przełom w jego karierze. Zagrał wtedy u Lucasa w \"Gwiezdnych wojnach\". Wystąpił też w dalszych częściach futurystycznej epopei - \"Imperium kontratakuje\" i \"Powrót Jedi\". Niebywałą popularność przyniosła mu także kreacja Indiany Jonesa w kolejnych odcinkach przygód tytułowego bohatera. W 1984 roku zagrał w kultowym dziś filmie Ridleya Scotta \"Łowca androidów\". Znacząca była też rola w \"Świadku\" Petera Weira, za którą otrzymał nominację do Oscara. W dorobku artystycznym Forda znajdują się zarówno ambitne kreacje dramatyczne, jak też role amantów i twardych, silnych facetów. Lata dziewięćdziesiąte oznaczały dla niego głównie występy w thrillerach i filmach akcji, jak na przykład \"Ścigany\" czy \"Czas patriotów\". W 2000 roku Amerykański Instytut Filmowy nagrodził go za całokształt twórczości.','http://1.fwcdn.pl/p/01/74/174/377427.1.jpg'),(65,'Carrie','Fisher','1956-10-21','Córka artystów: Debbie Reynolds i Eddiego Fishera. Ojciec zostawił je, gdy miała trzy lata (dla Elizabeth Taylor). Wychowywała ją głównie matka, w przerwach kiedy nie grała. Dzięki \"Gwiezdnym Wojnom\" przeszła do historii kina. Podczas gry w \"Blues Brothers\" wpadła w \"złe towarzystwo\". Ma na koncie narkotykowe ekscesy z Johnem Belushim, Danem Aykroydem i Robinem Williamsem. Po śmierci Belushiego, pocieszając Dana, wpadła w alkoholizm. Jednak podniosła się z tego, zaczęła pisać książki, początkowo dla dzieci. Potem napisała \"Pocztówki znad krawędzi\" na bazie swojej autobiografii, które później przeniesiono (z jej udziałem) na ekran. Od paru lat znów zaczyna pojawiać się w filmach i przy ich produkcji. Była jedną z recenzentek scenariusza do pierwszego epizodu \"Gwiezdnych Wojen\". Ostatnio zajęła się także produkcją. Wyprodukowała na przykład film telewizyjny \"These Old Boards\", oparty na jej scenariuszu. Zagrała tam także niewielką rolę.','http://1.fwcdn.pl/p/47/88/4788/319766.1.jpg'),(66,'Peter','Cushing','1913-05-26','Peter Cushing już jako młodzieniec wiedział, że będzie aktorem. Szybko też ze sceny teatru skierował się w wir przemysłu filmowego i wyjeżdżając do Stanów opuścił Anglię w 1937 roku. Szybko zdobył sobie poważanie w Hollywood, zarówno jako aktor jak i jako człowiek wielkiego intelektu i charakteru. W ’42 wrócił do Anglii. Występował na scenach teatralnych w bazach wojskowych. Kobietą, którą pokochał i poślubił była Helen Beck, którą poznał w czasie pracy z nią. We wczesnych latach 50. Cushing zdobył sobie popularność jednego z najlepszych brytyjskich aktorów. Wtedy też droga jego kariery zwróciła się ku kierunkowi, dzięki któremu znamy go dziś jako jednego z największych aktorów horroru. W 1956 roku zagrał bowiem Barona Victora Frankensteina w Hammerowskiej adaptacji powieści Mary Shelly - \"Frankenstein\". Postać tę grał również w paru sequelach filmu. Innymi jego kreacjami wynoszącymi go na wyżyny aktorów kina grozy były postacie Dr. Van Helsinga w cyklu filmów o Draculi i wiele innych złych charakterów w 22 filmach wytwórni Hammer w ciągu następnych 17 lat. Później zaczął być utożsamiany również z Sherlockiem Holmesem, którego grał w paru brytyjskich filmach. W 1971 roku jego ukochana Helen umiera wskutek ciężkiej choroby, Peter nigdy w pełni nie ocknął się ze smutku, jaki zaczął przeżerać jego serce po śmierci żony. Stał się również ikoną dla kolejnego pokolenia, grając Wielkiego Moffa Tarkina w „Gwiezdnych Wojnach” (1976) Georga Lucasa. Rola oziębłego despoty była dla Cushinga ostatnią główną rolą filmie. W ’82 lekarze stwierdzili, że Cushing choruje na raka. Dostał 18 miesięcy życia. Aktor wytrzymał jednakże 12 lat, podczas których napisał autobiografię, wydał również książeczkę dla dzieci z własnymi ilustracjami. Odszedł w 11 sierpnia 1994 roku, w Canterbury, Kent.','http://1.fwcdn.pl/p/67/90/6790/343930_1.1.jpg'),(67,'Alec','Guinness','1914-04-02','Był nieślubnym dzieckiem i nigdy nie dowiedział się, kto był jego ojcem. Tylko przypuszczał. Za młodu większość swoich pieniędzy wydawał na teatr. Gdy zebrał pieniądze zaczął studiować na Fay Compton School of Acting. Po szkole zaczął grać w teatrze, a wkrótce związał się z grupą teatralną Johna Geilguda. Po wojnie (był w Królewskiej Marynarce) zaczął podbijać teatry amerykańskie. Potem zaś zaczęła się jego przygoda z filmem. Został nagrodzony Oskarem za rolę w filmie \"Most na rzece Kwai\". Tworzył kreacje wybitne, często historyczne od Adolfa Hitlera do papieża Innocentego III (\"Brat Słońce, Siostra Księżyc\"). Swoim aktorstwem popisał się w filmie \"Kind Hearts and Coronets\" gdzie zagrał kilka głównych ról. Napisał także własną biografię oraz scenariusz do filmu \"Usta Konia\". Przełomem w jego karierze były \"Gwiezdne Wojny\" George\'a Lucasa. Początkowo zgodził się zagrać, dla mało znanego jeszcze reżysera i jedyne, co mu przeszkadzało to, to że tak wcześnie ginie. \"Gwiezdne Wojny\" zabezpieczyły mu resztę życia, przyniosły Oskara (honorowego), ale i jak sam twierdzi stały się jego przekleństwem. Oto bowiem aktor o wielu twarzach, którego trudno było zaszufladkować do jednej roli, pod koniec życia stał się kojarzony prawie wyłącznie z Obi-wan Kenobim. Zmarł 5 sierpnia 2000 na raka wątroby.','http://1.fwcdn.pl/p/47/96/4796/319759.1.jpg'),(68,'Anthony','Daniels','1946-02-21','Anthony Daniels jeszcze nie ma biografii.','http://1.fwcdn.pl/p/47/90/4790/319764.1.jpg'),(69,'Kenny','Baker','1934-08-24','Choć kojarzony jest przede wszystkim z \"Gwiezdnymi Wojnami\" Kenny Baker rozpoczął swą karierę w Showbiznesie już dużo wcześniej. Już w wieku 16 lat zadebiutował na scenie. Przez 3 lata pracował w cyrku Billy\'ego Smarta między innymi jako clown. W 1960 spotkał Jacka Purvisa, kolejną niedużą postać. Razem z nim założył z duet komediowo-muzyczny: The Mini-Tones. Razem występowali przez wiele lat w klubach i kabaretach Europy, USA, Kanady, Nowej Zelandii czy nawet Afryki Południowej. W roku 1960 również po raz pierwszy pojawił się na ekranie. Jednakże na bardzo długi czas przestał grywać w kinie czy TV. Przełomem okazały się być dopiero \"Gwiezdne Wojny\". Jeszcze na wczesnym etapie preprodukcji Lucas pokłucił się z całą ekipą o R2-D2. Początkowo planowano, aby R2-D2 był w całości zdalnie sterowany przez speców od efektów specjalnych. Jednakże George uznał, iż należy dodać mu jakąś ludzką duszę i umieścić człowieka w środku. Rozpoczęto poszukiwania kogoś niewielkiego, kto mógłby zagrać robota. Scenograf John Barry znał osobiście Bakera i zaproponwał go. Kenny początkowo kategorycznie odmówił zagrania R2-D2, gdyż uważał, że granie \"metalowego odkurzacza\" i to jeszcze w środku będzie bardzo niewygodne, a poza tym nie miał żadnej kwestii. Jednakże Barry osobiście nakłonił Kenny\'ego do zagrania i w końcu Baker się zgodził. W \"Powrocie Jedi\" zagrał nawet Ewoka Paploo. Po sukcesach w \"trylogii\" przyszły inne propozycje. Zagrał między innymi w \"Willow\", \"Labiryncie\" czy \"Mona Lisie\". Ale wciąż pozostał aktorem charakterystycznym, przede wszystkim z powodu wzrostu.','http://1.fwcdn.pl/p/47/97/4797/319758.1.jpg'),(70,'Peter','Mayhew','1944-05-19','Peter Mayhew jeszcze nie ma biografii.','http://1.fwcdn.pl/p/47/91/4791/371392.1.jpg'),(71,'Billy Dee ','Williams','1937-04-06','Karierę aktorską rozpoczął w wieku 7. lat w teatrach w Harlemie pod opieką aktora Sidney\'a Poitiera. Potem ukończył studia aktorskie i zdobył pewien rozgłos grając od 1961 r. na Broadway\'u, m.in. w sztukach \"A Cool World\" i \"Smak miodu\". Jednakże szybko rozwijająca się kariera doznała nagłego załamania na początku lat 70-ych. Wycofał się więc ze sceny i wrócił nań dopiero w 1975 r., kiedy objął rolę pastora Martina Luthera Kinga w dokumentalnej sztuce \"Have a Dram\", z którą odbył triumfalne tourneé po Stanach Zjednoczonych. Zadebiutował w kinowym dramacie Daniela Manna \"The Last Angry Man\" (1959). Grywał także w serialach telewizyjnych, m.in. \"Another World\" (1960), \"Guiding Light\" (1966), \"The FBI\" (1969,1970), \"Mission: Impossible\" (1971) oraz \"Dynastia\" (1984-1985) jako Brady Lloyd. Popularność zdobył dzięki roli kosmicznego awanturnika Lando Calrissiana w filmiach z serii \"gwiezdnej sagi\" -\"Imperium kontratakuje\" (1980) Irvina Kershnera i \"Powrót Jedi\" (1983) Richarda Marquand\'a. Za rolę Henry\'ego Watersa, ojca chłopaka, który został skazany i uwięziony na 25 lat za napad i gwałt. w dramacie \"Wizyta\" (2000) otrzymał nominację do nagrody Image i Independent Spirit.','http://1.fwcdn.pl/p/47/89/4789/371394.1.jpg'),(72,'David','Prowse','1935-07-01','David Prowes urodził się 1 lipca 1935 roku w Bristol w Wielkiej Brytanii. Ukończył Bristol Grammar School, podobnie jak Julian Glover i Timothy West. Jest byłym mistrzem w podnoszeniu ciężarów, występuje w filmach. Jego najsłynniejszą kreacją jest rola Dartha Vadera z „Gwiezdnych Wojen”. Dzięki niej zasłynął na całym świecie. To właśnie jego atletyczna budowa oraz 201 cm wzrostu sprawiły, iż George Lucas uznał, iż idealnie pasuje do kostiumu Vadera. Co prawda jego brytyjski akcent uniemożliwił mu pełną grę Vadera, ponieważ głosu tej postaci użyczył James Earl Jones. Początkowo Prowes nie był z tego zadowolony, jednak kiedy po raz pierwszy zobaczył efekty pracy całego zespołu zmienił zdanie. W Wielkiej Brytanii David znany jest także jako Green Cross Code Man czyli Zielony Znak Drogowy, który uczy dzieci jak właściwie zachować się na drodze. I jak mówi właśnie z tej roli jest najbardziej dumny. David występował także przez jakiś czas w „The Benny Hill Show”. Został uhonorowany nagrodą M.B.E. czyli Member of the British Empire.','http://1.fwcdn.pl/p/47/95/4795/319760.1.jpg'),(73,'Ian','McDiarmid','1944-08-11','Aktor filmowy i teatralny, ale także reżyser (jak na razie teatralny). Pełni rolę dyrektora London\'s Almeida Theatre. Na polu teatralnym na uwagę zasługują liczne kreacje Szekspirowskie, na filmowym zaś rola Cosa Palpatine (Dartha Sidiousa) w Gwiezdnych Wojnach.','http://1.fwcdn.pl/p/47/93/4793/371397.1.jpg'),(74,'Sebastian','Shaw','1905-05-29','Sebastian Shaw jeszcze nie ma biografii.','http://1.fwcdn.pl/p/47/92/4792/319731.1.jpg'),(75,'Hugh','Quarshie','1954-12-22','Hugh Quarshie jeszcze nie ma biografii.','http://1.fwcdn.pl/p/49/51/4951/373950.1.jpg'),(76,'Oliver','Davies','1939-08-12','Oliver Ford Davies jeszcze nie ma biografii.','http://1.fwcdn.pl/p/49/46/4946/371618.1.jpg'),(77,'Pernilla','August','1958-02-13','Pernilla August, a właściwie Mia Pernilla Wallgren, urodziła się w 13 lutego 1958 r. w Sztokholmie. Wśród jej ról teatralnych są m.in. spektakle: \"Hamlet\" (nagroda British Drama Magazine za najlepszą kobiecą rolę drugoplanową - aktorka grała Ofelię), \"Dom lalki\", \"Upiory\" i \"Opowieść zimowa\" w reżyserii Ingmara Bergmana oraz \"Master of Strindberg\", \"The Last Yankee\" i \"Trzy siostry\". Pernilla August zdobyła nagrodę dla najlepszej aktorki na festiwalu w Cannes w roku 1992 za rolę w \"Dobrych chęciach\" wyreżyserowanych przez Bille Augusta na podstawie scenariusza Ingmara Bergmana. Inne jej filmy to m.in.: \"Fanny i Alexander\" Bergmana, \"Tuppen\" Lasse Hallstroma, \"Jerusalem\" (TVP: \"Jeruzalem\") Bille Augusta, znana większemu gronu widzów z roli Shmi Skywalker w filmie \"Gwiezdne wojny: część I - Mroczne widmo\" i \"Gwiezdne wojny: część I - Atak klonów\" oraz \"The Private Confession\" w reżyserii Liv Ullman według scenariusza Ingmara Bergmana. Wśród jej ról telewizyjnych są m.in.: \"Play\" w reżyserii Ingmara Bergmana, tytułowa \"Maria - matka Jezusa\", \"Kroniki młodego Indiany Jonesa\", \"The Wild Bird\" i \"Hamlet\". A w życiu osobistym dwukrotnie rozwiedziona, jest matką trzech córek; Agnes, Asty i Alby.','http://1.fwcdn.pl/p/49/48/4948/371559.1.jpg'),(78,'Jake','Lloyd','1989-03-05','Jake Lloyd jeszcze nie ma biografii.','http://1.fwcdn.pl/p/49/45/4945/321996.1.jpg'),(79,'Natalie','Portman','1981-06-09','Córka lekarza i artystki, Natalie Portman, przychodzi na świat w Jerozolimie, którą w wieku 3 lat opuszcza, aby osiąść w Nowym Jorku. Wcześnie odkryta przez agenta występuje w reklamach, aby następnie otrzymać swoją pierwszą rolę w filmie \"Leon zawodowiec\" w reżyserii Luca Bessona, gdzie partneruje Jeanowi Reno. Od tego momentu jej kariera nabiera tempa. Wciela się w postać pasierbicy Ala Pacino w \"Gorączce\", córki prezydenta USA w filmie \"Marsjanie atakują\" Tima Burtona, a z Woodym Allenem spotyka się na planie obrazu \"Wszyscy mówią: kocham cię!\". Po tym, jak odrzuciła rolę m.in w filmach \"Lolita\" w reżyserii Adriana Lyne\'a i nowej wersji \"Romea i Julii\" wizjonera Baza Luhrmanna, Natalie wybiera teatr i sztukę \"Dziennik Anny Frank\", gdzie wciela się w postać głównej bohaterki. Jej powrót na ekrany kinowe jest miażdżący. Staje się bowiem królową Amidalą na potrzeby trzech części \"Gwiezdnych wojen\", tj. \"Mrocznego widma\", \"Ataku klonów\" oraz \"Zemsty Sithów\". Portman, im starsza, tym jest bardziej wymagająca w wyborze odpowiedniego scenariusza. Potwierdzają to jej role w dramatach \"Wszędzie, byle nie tu\", \"Gdzie serce twoje\" czy tragikomedii \"Powrót do Garden State\". Nie zapomina także o gatunku historycznym, grając w filmie \"Wzgórze nadziei\". Swoją odwagę demonstruje również w filmie Mike\'a Nicholsa \"Bliżej\", gdzie odtwarza postać striptizerki Alice. Ta rola przyniosła jej pierwszą naprawdę poważną nagrodę, Złotego Globa w kategorii najlepszej aktorki drugoplanowej. Portman, absolwentka prestiżowego Uniwersytetu Harvarda, poza aktorstwem znana jest także ze swojego zaangażowania w życie polityczne oraz działalność charytatywną.','http://1.fwcdn.pl/p/03/16/316/356292.1.jpg'),(80,'Ewan','McGregor','1971-03-31','Ewan McGregor jest jednym z najpopularniejszych aktorów brytyjskich. Każdy film z jego udziałem, który wchodzi na ekrany wzbudza zainteresowanie. McGregor zdecydował się na podjęcie pracy aktora po sukcesie jaki odniósł parający się tą profesją jego wujek - Denis Lawson. Ewan w wieku 16. lat wstąpił do Perth Repertory Theatre w Szkocji, ale wkrótce ją opuścił i wyjechał do Londynu, by podjąć naukę w Guildihall School of Music and Drama. Tam też poznał trójkę ludzi: reżysera Danny Boyle\'a, producenta Andrew MacDonalda i scenarzystę Johna Hodge\'a. Współpraca z nimi stała się dla aktora przepustką do sławy. Ich pierwszy wspólny film \"Płytki grób\" wzbudził zainteresowanie krytyki, a młodemu aktorowi przyniósł bardzo dobre recenzje. Prawdziwa kariera McGregora zaczęła się po obrazie \"Trainspotting\", w którym wcielił się w postać narkomana Marka Rentona. Film wzbudził zainteresowanie a także szereg dyskusji na całym świecie, niektórzy uznali go nawet za dzieło kultowe. Po tym sukcesie aktorem zainteresowało się Hollywood i zaproponowano mu rolę w jednym z najbardziej oczekiwanych filmów w historii: \"Gwiezdne wojny\". McGregor wcielił się tam w postać młodego Obi-Wana Kenobiego.','http://1.fwcdn.pl/p/00/71/71/345981.1.jpg'),(81,'Liam','Neeson','1952-06-07','Zanim został aktorem zarabiał na życie jako bokser i kierowca ciężarówki. W 1976 roku przyłączył się do Lyric Players\' Theater w Belfaście. Po przeprowadzce do Dublina rozpoczął współpracę z Abbey Theater, gdzie znalazł go reżyser John Boorman, który zaangażował go do roli sir Gawaina w obrazie \"Excalibur\". Przez kilka następnych lat Neeson pojawił się w kilku filmach, jednak bez większego rozgłosu. Dopiero rola Fieldinga w \"Misji\" zwróciła na niego uwagę krytyków i publiczności. Jednak jeszcze wiele lat przyszło mu czekać na wielki sukces. Do 1993 roku, kiedy otrzymał nominację do Oscara za rolę w filmie \"Lista Schindlera\", pojawił się w wielu filmach, z których kilka, jak na przykład \"Mężowie i żony\" Woody\'ego Allena, czy \"Podejrzany\" Petera Yatesa, stały się przebojami. Neeson występował również w produkcjach telewizyjnych. W 1984 roku zagrał w serialu \"Wyspa Ellis\", a dwa lata później w jednym z odcinków \"Miami Vice\". Aktor ma bardzo ciekawy, charakterystyczny głos i jest bardzo często zatrudniany jako narrator filmów dokumentalnych. Na swoim koncie ma trzy nominacje do Złotego Globu, Saturna i jedną do Oscara.','http://1.fwcdn.pl/p/00/74/74/346679.1.jpg'),(82,'Frank','Oz','1944-05-25','Frank Oz jest jednym z najciekawszych artystów współczesnego kina amerykańskiego. Przez długie lata pozostawał bliskim współpracownikiem Jima Hensona, z którym realizował znany również i w naszym kraju program \"The Muppet Show\". Dzięki niemu nabrały życia takie postaci jak: panna Piggy, miś Fozzie, Zwierzak, czy Orzeł Sam. Na dużym ekranie Oz zadebiutował w roku 1979 filmem \"The Muppet Movie\". Perfekcyjność, z jaką operował marionetkami zwróciła na niego uwagę George\'a Lucasa, który zaproponował mu wykreowanie postaci Yody w obrazie \"Imperium kontratakuje\". Oz zgodził się, a \"rola\" ta uczyniła go znanym w światku filmowym. Artysta nie zadowolił się jedynie sukcesami animatorskimi i postanowił spróbować swoich sił jako reżyser. Po drugiej stronie kamery zadebiutował w roku 1982 filmem \"Ciemny kryształ\", który został bardzo ciepło przyjęty zarówno przez krytyków, jak i publiczność. Obecnie Oz jest cenionym animatorem marionetek, aktorem i reżyserem, którego ulubionym gatunkiem filmowym pozostaje komedia. mniej\r\n','http://1.fwcdn.pl/p/03/27/327/357190.1.jpg'),(83,'Samuel L.','Jackson','1948-12-21','Jest weteranem wśród aktorów. Zanim w latach 90. zyskał popularność występował w teatrze, reklamach telewizyjnych i filmach. Przez długi czas pracował z Negro Ensemble Company i NY Shakespeare Festival, pojawiał się również na Broadwayu. W 1988 r. rozpoczął współpracę z reżyserem Spikem Lee. Okazała się ona bardzo korzystna. Udział w takich filmach jak \"Czarny blues\" i \"Malaria\" przyniósł Jacksonowi sławę. Kolejne filmy ugruntowywały jego popularność a w 1995 r. został nominowany do Oscara za rolę w \"Pulp Fiction\". Samuel Jackson jest aktorem charakterystycznym. Przez wiele lat grywał głównie postaci kryminalistów, którzy z reguły byli w końcowej scenie filmu zabijani. Lata 90. zmieniły jego wizerunek. Obecnie grywa bardzo różne typy bohaterów. W środowisku aktorskim uchodzi za pracoholika. Występuje w kilku filmach kinowych rocznie, nie licząc produkcji telewizyjnych.','http://1.fwcdn.pl/p/00/53/53/346677.1.jpg'),(84,'Hayden','Christensen','1981-04-19','Kanadyjski aktor młodego pokolenia. Zadebiutował w wieku 13 lat w serialu telewizyjnym. Potem z różnym powodzeniem grywał w innych serialach i filmach telewizyjnych. Na swym koncie ma także epizodyczne role w filmach kinowych, takich jak chociażby \"W paszczy szaleństwa\". Swoją popularność zawdzięczał przede wszystkim roli w serialu \"Higher Ground\", gdzie jego postać była najbardziej lubianą przez publiczność, oraz filmowi telewizyjnemu \"Trapped in a Purple Haze\", w którym zagrał ze swym przyjacielem Joshuą Jaksonem. W 2000 pojawiły się problemy z kontynouwaniem serialu \"Higher Ground\". Jednakże w tym czasie Hayden zgłosił się do castingu do \"Ataku Klonów\". Zakwalifikował się do ściłego finału i okazało się, że świetnie wygląda razem z Natalie Potrman. Pokonał przy tym ponad 400 innych rywali, w tym swego przyjaciela Joshuę Jacksona. Podczas kręcenia \"Ataku klonów\" narodziło się także prawdziwe uczucie między nim a Natalie Portman. Po wejściu na ekrany filmu Lucasa otrzymał szereg następnych propozycji. Kolejne filmy w których zagrał to: dramat Billy Raya \"Shattered Glass\" [03] i komedia Griffina Dunne\'a \"Nailed Right In\" (03)','http://1.fwcdn.pl/p/15/42/31542/326279.1.jpg'),(85,'Simon','McBurney','1957-05-28','Simon McBurney jeszcze nie ma biografii.','http://1.fwcdn.pl/p/71/03/57103/233890.1.jpg'),(86,'Sean','Harris','1966-04-02','Sean Harris jeszcze nie ma biografii.','http://1.fwcdn.pl/p/80/54/68054/343709.1.jpg'),(87,'Alec','Baldwin','1958-04-03','Pochodzi z aktorskiej rodziny. Jego trzej bracia: William, Daniel i Stephen również zajmują się aktorstwem. Alec swoją karierę rozpoczynał od ról w telewizyjnych \"mydlanych operach\" takich jak: \"The Doctors\", czy \"Cutter to Houston\". Uwagę krytyków wzbudził rolą w filmie \"Polowanie na Czerwony Październik\", gdzie wcielił się w postać Jacka Ryana. Od tamtej pory pozostaje jednym z najpopularniejszych aktorów amerykańskich. W roku 1991 na planie filmu \"Zawód: pan młody\" poznał swoją przyszłą żonę Kim Basinger. Alec Baldwin jest również bardzo dobrym aktorem teatralnym. Za rolę w sztuce Caryla Churchilla \"Serious Money\" zebrał pełne zachwytów recenzje. W 1995 r. wcielił się w postać Stanleya Kowalskiego w telewizyjnej wersji sztuki Tennessee Williamsa \"Tramwaj zwany pożądaniem\". Rola ta okazała się wielkim sukcesem. Aktor otrzymał za nią nominację do nagrody Emmy i Złotego Globu. W 1995 r. Alec Baldwin trafił na pierwsze strony gazet. Został oskarżony o pobicie fotoreportera, który starał się zrobić zdjęcie jego nowonarodzonej córeczce Ireland, i postawiony przed sądem. Zarzuty oddalono, ale wydarzenie to dostarczyło prasie materiału na wiele artykułów.','http://1.fwcdn.pl/p/00/05/5/346094.1.jpg'),(88,'Ving','Rhames','1959-05-12','Urodzony w Harlemie, miejscu łatwego dostępu do narkotyków i broni, Ving, wychowany w głębokiej wierze, zawsze trzymał się z daleka od ulicznych gangów zasilanych zastępami szkolnych kolegów. W ostatniej klasie podstawówki zetknął się z nauczycielką angielskiego, która odkryła w nim talent aktorski. Dzięki niej zaprezentował się na konkursie poetyckim, a udane wystąpienie przypieczętowało jego decyzję o podjęciu dalszej nauki w New York High School of Performing Arts na Manhattanie. Był jedynym uczniem swojej poprzedniej szkoły, przyjętym do tak znamienitej instytucji. Po ukończeniu collegu w 1978 r, Ving otrzymał stypendium na Juilliard School of Drama, gdzie zaprzyjaźnił się z innym młodym i obiecującym aktorem, Eriqiem La Salle, znanym dziś przede wszystkim jako dr Peter Benton z \"Ostrego dyżuru\". Podczas studiów Rhames poznał dzieła Shakespeare\'a i z lubością poświęcał się teatrowi klasycznemu, oddając hołd takim twórcom jak chożby Ibsen czy Czechow. Studia ukończył w 1983 r. Debiutował na Broadway\'u w 1985 r. sztuką \"The Winter Boys\", gdzie partnerował Mattowi Dillonowi. Przez następne lata grał w przedstawieniach typu \"off - Broadway\" , przyjmował też epizodyczne role w serialach np. w \"Miami Vice\". We wczesnych latach 90 - tych wziął udział w \"Casualties of War\" czy \"Jacob\'s Ladder\" ale zaistniał dopiero dzięki pamiętnej roli (Marsellus Wallace) u Quentina Tarantino w \"Pulp Fiction\". Dzięki swemu przyjacielowi ze studiów, Eriqowi La Salle, pojawił się w kilku odcinkach \"Ostrego dyżuru\" i poznał swą przyszłą żonę Valerie Scott, którą poślubił w 1994 r. Po \"Pulp Fiction\" przyszły kolejne lukratywne propozycje w \"Striptease\" , \"Mission Impossible\" czy \"Con Air - lot skazańców\", które ostatecznie zaowocowały współpracą z takimi gwiazdami jak George Clooney i Jennifer Lopez przy okazji kręcenia \"Co z oczu to z serca\", Sean Connery i Catherine Zeta-Jones w \"Osaczonych\", czy samym Martinem Scorsese i Nicolasem Cage w \"Ciemnej stronie miasta\". Nawet Tom Cruise umieścił go w obsadzie drugiej cześci \"Mission Impossible\". Przydomek \"Ving\" wymyślił dla niego współlokator z czasów college\'u, aktor Stanley Tucci.','http://1.fwcdn.pl/p/28/16/2816/342175.1.jpg'),(89,'Rebecca','Ferguson','1983-10-19','Rebecca Ferguson jeszcze nie ma biografii.','http://1.fwcdn.pl/p/15/21/151521/337069.1.jpg'),(90,'Simon','Pegg','2019-02-14','Syn urzędniczki państwowej i muzyka jazzowego. Kiedy miał siedem lat, jego rodzice rozwiedli się. Nazwisko \"Pegg\" przybrał od swojego ojczyma. Ukończył wiele szkół. Uczęszczał do: Castle Hill Primary School, Brockworth Comprehensive Secondary School, King\'s School Gloucester. Studiował literaturę angielską na Stratford-upon-Avon-College. W czasie studiów na University of Bristol należał do Towarzystwa Dramatycznego. Posiada tytuł licencjata z dramatu. W 1993 roku przeniósł się do Londynu, gdzie zaczął brać udział w występach \"stand-up\". Występował na Festiwalu w Edynburgu w 1995 roku. Zaproszono go także na festiwale w Australii i Nowej Zelandii, gdzie dawał występy w latach 1996-1997.  Został zauważony przez producentów telewizyjnych, dzięki czemu zaczął grać w serialach komediowych, takich jak: \"Asylum\", \"Big Train\" czy \"Hippies\". Od 1999 roku zajmował się tworzeniem serialu \"Spaced\", w którym grał także jedną z głównych ról. Pod koniec lat 90. miał swoje pierwsze angaże w filmach pełnometrażowych. Zagrał m.in. w \"Opowieściach z metra\" oraz \"Pensjonacie dla świrów, czyli Hotel Paradiso\". W 2004 roku zagrał główną rolę w czarnej komedii \"Wysyp żywych trupów\", której był jednym ze scenarzystów. Był także współscenarzystą i odtwórcą głównej roli w filmie \"Hot Fuzz - Ostre psy\" z 2007 roku. Swoją przygodę z Hollywood rozpoczął w 2008 roku główną rolą w komedii \"Jak stracić przyjaciół i zrazić do siebie ludzi\".','http://1.fwcdn.pl/p/77/66/7766/319270_1.1.jpg'),(91,'Jeremy','Renner','1971-01-07','Jeremy, syn Valerie i Lee Renerów urodził się 7 stycznia 1971 roku, w Modesto w stanie Kalifornia, USA. Dorastał w licznej rodzinie z czwórką rodzeństwa. Renner ukończył Beyer High School i uczęszczał do Modesto Junior College. Zanim postanowił spróbować swoich sił jako aktor, interesował się psychologią, kryminologią i informatyką. Nie długo trzeba było czekać, aż ktoś dostrzeże potencjał młodego chłopaka. Podczas drugiego roku w Modesto Junior College, zagrał przestępcę w ramach policyjnego szkolenia. Renner postanowił opuścić szkołę i przeniósł się do San Francisco, aby studiować w American Conservatory Theater. Stamtąd wyjechał na Hawaje, a w 1993 roku do Los Angeles, gdzie poświęcił się pracy w teatrze. Karierę rozpoczynał od grania charyzmatycznych antybohaterów. W filmie zadebiutował w 1995 roku występując w komedii \'\'Rozrabiaki w Waszyngtonie\'\'. Wtedy występował również w wielu reklamach, jak i przyjmował role drugoplanowe w filmach i serialach telewizyjnych. Wreszcie, w 2002 roku Renner przyciągnął uwagę krytyków rolą seryjnego zabójcy, Jeffreya Dahmera w produkcji \'\'Dahmer\'\', która przyniosła mu nominację do nagrody Independent Spirit. Rok później wystąpił u boku Colina Farrella i Samuela L. Jacksona w thrillerze \'\'S.W.A.T. Jednostka Specjalna\'\'. W latach 2004 – 2010 zagrał w filmach takich jak m. in.: \'\'28 tygodni później\'\', \'\'Zabójstwo Jesse\'ego Jamesa przez tchórzliwego Roberta Forda\'\', czy \'\'The Hurt Locker: W pułapce wojny\'\', za rolę w którym otrzymał Nagrodę Gotham oraz 7 nominacji. Wystąpił, również w produkcji \'\'Miasto złodziei\'\', za który otrzymał m. in. nominację do nagrody Oscar. W 2011 roku, wraz z Tomem Cruisem wystąpił w filmie \'\'Mission: Impossible - Ghost Protocol\'\', a rok później jako Aaron Cross zagrał główną rolę w produkcji pt. \'\'Dziedzictwo Bourne’a\'\'. W 2012 roku swoją przygodę rozpoczął przy pracy nad filmem \'\'Avengers\'\' gdzie wystąpił u boku Chrisa Evansa, Scarlett Johansson, Roberta Downeya Jr., czy Toma Hiddlestona i Chrisa Hemswortha jako jeden z mścicieli - Clint Barton. W 2013 roku na ekranach pojawił się m. in jako Hansel w filmie \'\'Hansel i Gretel: Łowcy czarownic\'\'.','http://1.fwcdn.pl/p/87/14/68714/328688.1.jpg'),(92,'Christopher','McQuarrie','1968-11-21','Christopher McQuarrie jeszcze nie ma biografii.','http://1.fwcdn.pl/p/01/09/40109/333948.1.jpg'),(93,'Ivan','Shvedoff','1969-12-19','Ivan Shvedoff jeszcze nie ma biografii.','http://1.fwcdn.pl/p/99/42/119942/345928.1.jpg'),(94,'Samuli','Edelmann','1968-07-21','Samuli Edelmann jeszcze nie ma biografii.','http://1.fwcdn.pl/p/67/10/116710/248822.1.jpg'),(95,'Vladimir','Mashkov','1963-11-27','Vladimir Mashkov jeszcze nie ma biografii.','http://1.fwcdn.pl/p/34/58/53458/252428.1.jpg'),(96,'Michael','Nyqvist','1960-11-08','Michael Nyqvist jeszcze nie ma biografii.','http://1.fwcdn.pl/p/16/44/31644/377976.1.jpg'),(97,'Paula','Patton','1975-12-05','Paula Patton jeszcze nie ma biografii.','http://1.fwcdn.pl/p/56/92/265692/247712.1.jpg'),(98,'Brad','Bird','1957-07-24','Reżyser filmów animowanych BRAD BIRD realizacje pierwszego filmu animowanego rozpoczynał mając 11 lat. Zwrócił na siebie uwagę ludzi z Walt Disney Studios, gdzie jako 14-latek poznawał tajniki sztuki animacji od samego Milta Kahla, jednego z legendarnych rysowników Disneya, znanych jako \"Nine Old Men\". Bird pracował później dla Disneya i innych wytwórnii. Bird pracował jako konsultant przy realizacji seriali animowanych \"King of the Hill\", \"The Simpsons\", \"The Critic\". Samodzielnie zrealizował film \"Family Dog\", który wyświetlono jako jeden z epizodów serii Stevena Spielberga, \"Amazing Stories\". Bird jest współautorem scenariusza do filmu *batteries not included.','http://1.fwcdn.pl/p/18/62/11862/345014.1.jpg'),(99,'Billy','Crudup','1968-07-08','Billy Crudup urodził się 8 lipca 1968 roku w Manhasset, w stanie Nowego Jorku. Ma dwóch braci: Thomasa (ur. 1967) i Brooksa (ur. 1971). Dorastał na Florydzie i w Teksasie. Jako kilkunastoletni chłopiec zabawiał rodzinę i przyjaciół niewielkimi przedstawieniami, które sam wymyślał. Mając 17 lat pracował w restauracji w Fort Lauderdale. Ukończył University of North Carolina na wydziale sztuki w Chapel Hill, a potem rozpoczął studia na Uniwersytecie Nowojorskim Tisch School of the Arts i w 1994 r. otrzymał tytuł magistra sztuk pięknych. Swoją pracę jako aktor rozpoczął na deskach broadway\'owskich teatrów. Za rolę w sztuce Toma Stopparda \"Arkadia\" zdobył w 1995 roku aż trzy nagrody: Outer Critics Circle dla \"najlepszego debiutanta\", Theatre World Award i Clarence Derwent Award. Na kinowym ekranie zadebiutował rolą Tommy\'ego Marcano w dramacie \"Uśpieni\"(1996) Barry\'ego Levinsona, a następnie został zaangażowany przez Woody\'ego Allena do roli Kena w komedii \"Wszyscy mówią, kocham cię\" /Everyone Says I Love You(1996). Zagrał w tytułowej roli w obrazie \"Without Limits\"(1998) , historii legendarnego biegacza Stevena Prefontaine. Za tę rolę otrzymał nagrodę National Board of Review. Zagrał też u reżysera Pata O\'Connora w \"Inventing the Abbotts\"(1997). Wystąpił także w uznanym przez krytyków filmie Alison Maclean \"Syn Jezusa\"(1999) z Samanthą Morton, Holly Hunter i Denisem Leary. A za rolę FH w tym dramacie otrzymał nagrodę dla Najlepszego Aktora na festiwalu filmowym w Paryżu oraz nominację do nagrody Independent Spirit. Można go było także oglądać w filmie Camerona Crowe \"U progu sławy\" /Almost Famous/(2000) z Frances McDormand i Kate Hudson oraz w \"Waking the Dead\"(2000) z Jennifer Connelly. Wystąpił w dramacie wojennym \"Charlotte Gray\"(2001) z Cate Blanchett oraz w dramacie \"World Traveler\"(2001) z Julianne Moore. W teatrze wystąpił m.in. w sztuce \"The Elephant Man\" u boku Ruperta Gravesa i Kate Burton. Za swoją pracę został nominowany do nagrody Tony. Na Broadwayu zadebiutował w sztuce Toma Stopparda \"Arcadia\" w reżyserii Trevora Nunna, nagrody Outer Critics Circle oraz Theater World (1995). Inne produkcje teatralne z jego udziałem to \"Bus Stop\" Williama Inge z Mary Louise Parker,\"Three Sisters\", nominacja do nagrody Drama Desk, \"Oedipus\" z Frances McDormand, \"Measure for Measure\" w Delacorte Theater w Central Parku w Nowym Jorku, \"The Resistible Rise of Arturo\" z Alem Pacino i Steve\'m Buscemi. Mieszka w Nowym Jorku. Regularnie pojawia się na deskach teatrów Broadway\'u. Sztuka Czechowa \"Trzy siostry\" (1997), w której zagrał wraz z Lili Tyler i Jeanne Tripplehorn spotkała się z entuzjastycznym przyjęciem krytyki. Od 1996 r. spotyka się z aktorkę Mary-Louise Parker, którą poznał w trakcie pracy nad przedstawieniem \"Bus Stop\".','http://1.fwcdn.pl/p/54/95/5495/374522.1.jpg'),(100,'Jonathan Rhys','Meyers','1977-07-27','Porzuciwszy szkołę w wieku lat piętnastu Jonathan Rhys Meyers zadebiutował na ekranie telewizyjnym rolą w reklamie zupy Knorr’a. Początkowe niepowodzenia na castingach nie zniechęciły go i wkrótce otrzymał swoją pierwszą niewielką rolę filmową w \"A Man of No Importance\". W przeciągu następnych lat Jonny ciężko pracował na planach filmowych rozsianych po całym świecie. Zagrał sporo małych ról, między innymi młodocianego zamachowca w filmie biograficznym \"Michael Collins\" oraz zbuntowanego nastolatka u boku Matthew Modine’a w „The Maker”. Jednak prawdziwym przełomem w jego karierze byłą rola charyzmatycznego gwiazdora rocka w filmie „Idol”, gdzie Jon miał szansę popisać się także swoim talentem wokalnym. Obsadzany jest najczęściej w rolach barwnych, charakterystycznych, często wręcz hermafrodytycznych ludzi o zdecydowanych poglądach i podejściu do życia. Choć jak sam twierdzi początkowo do grania w filmach nie skłoniła go pasja lecz był to jedyny sposób aby uniknąć ulicy czy więzienia, Jonny szybko pokochał swój fach, stając się jednym z najbardziej obiecujących aktorów młodego pokolenia.','http://1.fwcdn.pl/p/81/94/138194/390526.1.jpg'),(101,'Maggie','Q','1979-05-22','Margaret Denise Quigley urodziła się 22 maja 1979 roku w Honolulu na Hawajach. Jej ojciec jest Amerykaninem o polsko-irlandzkich korzeniach, zaś matka jest pochodzenia wietnamskiego. Jako osiemnastolatka Maggie opuściła swoje rodzinne Hawaje i wyjechała do Azji, gdzie rozpoczęła karierę modelki. Po tym, gdy cały świat uznał ją za niezwykle uzdolnioną i piękną modelkę, zaczął się nią interesować sam Jackie Chan - wschodząca gwiazda kina akcji. Pod jego okiem przez kilka lat ćwiczyła różne sztuki walki.  Pierwszy raz przed kamerami stanęła w Hongkongu kręcąc wyprodukowany przez chińską telewizję serial \"House of the Dragon\". Debiut na dużym ekranie nastąpił w niskobudżetowym horrorze \"Gui ming mo\" w którym wcieliła się w rolę Anny. Kolejną kreację stworzyła w filmie akcji \"Błąd w obliczeniach\", który został przebojem w Azji. Następnie przyszła kolej na \"Manhattan Midnight\". Został on zrealizowany w Ameryce w technologii cyfrowej, a sama Maggie zagrała w nim podwójną rolę sióstr bliźniaczek. Kolejne lata na wielkim ekranie to świetna rola zabójczyni Charlene Ching w dramacie \"Naga broń\". Rok 2005 to debiut Maggie w kinie europejskim, a konkretnie w filmach \"Świat Harmony\" i \"The Counting House\".  W 2006 roku zauważa ją wreszcie Hollywood. Maggie dostaje szansę zagrania u boku samego Toma Cruise\'a w \"Mission: Impossible III\" a rok później w równie kasowym hicie \"Szklana pułapka 4.0\" z Brucem Willisem. Od tego czasu dzieli swój talent pomiędzy występy w amerykańskich oraz azjatyckich produkcjach. Jej grę można było podziwiać w takich filmach jak \"Trzy królestwa: wskrzeszenie smoka\", \"Zakochany Nowy Jork\", w kolejnej wersji serialu \"Nikita\" czy w \"Księdzu 3D\".','http://1.fwcdn.pl/p/00/89/100089/378516.1.jpg'),(102,'Keri','Russell','1976-03-23','Keri Russell jeszcze nie ma biografii.','http://1.fwcdn.pl/p/05/86/40586/348115.1.jpg'),(103,'Michelle','Monaghan','1976-03-23','Michelle Lynn Monaghan urodziła się 23 marca 1976 r. w Winthrop w stanie Iowa, USA. Była najmłodszą z trójki dzieci i jedyną córką Sharon i Roberta Johna Monaghan. Po ukończeniu liceum w Iowa przez trzy lata studiowała dziennikarstwo na Columbia College w Chicago. Podjęła się pracy modelki,  aby opłacić studia . W 1999 porzuciła je, przenosząc się do Nowego Jorku - zaczęła tam pracować na pełny etat jako modelka. Wiele podróżowała po świecie, uczestnicząc w pokazach w Mediolanie, Singapurze, Tokio i Hongkongu oraz gościła na stronach wielu czasopism i katalogów. W 2000 r. zadebiutowała w TV epizodem w dwóch odcinkach serialu \"Amerykańskie Nastolatki\". Później zagrała w serialu \"Prawo i porządek\". Na srebrnym ekranie zadebiutowała w 2001 roku, małą rolą Henrietty w filmie \"Perfumy\". Popularność zyskała rolą Kimberly Woods w jednym z sezonów serialu \"Boston Public\". Po kliku drugoplanowych rolach zagrała obok Roberta Downey Jr. i Vala Kilmera w czarnej komedii \"Kiss Kiss Bang Bang\". Później w 2005 uczestniczyła w zdjęciach w Chinach, Włoszech i USA do filmu \"Mission: Impossible III\", jako Julia u boku Toma Cruise\'a. W sierpniu 2005 roku w australijskim Sydney poślubiła swojego długoletniego chłopaka Petera White\'a, grafika z Nowego Jorku, którego poznała pięć lat wcześniej na przyjęciu na Manhattanie.','http://1.fwcdn.pl/p/82/19/68219/345121.1.jpg'),(104,'Philip Seymour','Hoffman','1967-07-23','Aktorstwem zainteresował się, gdy uczęszczał do Fairport High School. Dał się poznać szkolnej publiczności, biorąc udział w kilku przedstawieniach, m. in. \"MASH\" i \"Śmierci komiwojażera\". Po ukończeniu prestiżowej New York University\'s Tisch School of Drama imał się wielu różnych zajęć, zatrudniał się m.in. jako kelner i ochroniarz. W 1991 roku zadebiutował na dużym ekranie rolą w filmie Amy Poe \"Triple Bogey on a Par 5 Hole\". Przełom w karierze Philipa nastąpił rok później, gdy Martin Brest obsadził go obok Ala Pacino i Chrisa O\'Donnella w przebojowym \"Zapachu kobiety\". Przez lata aktor rozwijał swój niecodzienny talent aktorski, występując w wielu filmach, a także na deskach teatru, zbierając znakomite recenzje od krytyków i publiczności, prezentując doskonały warsztat i udowadniając wielką wszechstronność. Zagrał w tak znanych obrazach, jak: \"Boogie Nights\", \"Magnolia\", \"Big Lebowski\", \"Utalentowany pan Ripley\" czy \"Czerwony smok\". Jest laureatem m.in. Chlotrudis Awards i Gertrudis Award, przyznawanych wybitnym młodym aktorom. Mieszka w Nowym Jorku, na Manhattanie.','http://1.fwcdn.pl/p/26/49/2649/342756.1.jpg'),(105,'Jeffrey Jacob','Abrams','1966-06-27','Jeffrey Jacob \"J. J.\" Abrams - amerykański producent, scenarzysta, reżyser i aktor. Urodził się 27 czerwca 1966 roku w Nowym Jorku, a wychował w Los Angeles. Jest synem producenta telewizyjnego Geralda W. Abramsa, dzięki któremu zainteresował się kinem i telewizją. Mając zaledwie 16 lat, rozpoczął przygodę z filmem od napisania muzyki do horroru science fiction pod tytułem \"Nocna Bestia\" z 1982 roku. Pomimo późniejszych osiągnięć jako kompozytor, sukces osiągnął dopiero jako scenarzysta i producent filmowy. W 1990 roku został współautorem scenariusza do komedii sportowej \"Dbać o interes\", a rok później głównym scenarzystą dramatu \"Odnaleźć siebie\", gdzie główne role zagrali Harrison Ford i Annette Bening. W roku 1996 wraz z dwoma wspólnikami założył wytwórnię Abrams/Katims/Webster Productions i nawiązał współpracę z Mattem Reevesem, który został reżyserem pierwszej produkcji studia Abramsa zatytułowanej \"Żałobnik\". Współpraca ta trwała nadal i zaowocowała pierwszym telewizyjnym hitem, którym okazał się serial \"Felicity\" nadawany od 1998 roku. Ten sam rok przyniósł kolejny wielki sukces, gdy Abrams napisał scenariusz do kasowego przeboju w reżyserii Michaela Baya \"Armageddon\". Po wielu  kolejnych produkcjach, w tym m.in. nagrodzonego nagrodą Emmy serialu \"Agentka o stu twarzach\", przyszedł czas na prawdziwy przełom, jakim okazał się telewizyjny fenomen, którego pomysłodawcą, scenarzystą i producentem był J. J. Abrams. Bijący rekordy popularności serial \"Zagubieni\", o którym mowa, przyniósł mu ogromny rozgłos oraz szereg nagród telewizyjnych, czyniąc go jednym z czołowych scenarzystów w Hollywood.','http://1.fwcdn.pl/p/69/86/226986/379722.1.jpg'),(106,'Zoe','Bell','1978-11-17','Pochodzi z Auckland, gdzie dorastała w rodzinie lekarza i pielęgniarki. Uczęszczała do Auckland Grammar School, a następnie do Selwyn College. Już jako dziecko przejawiała zainteresowanie gimnastyką, sportami wyczynowymi i sztukami walki. Kiedy miała 14 lat zadebiutowała jako kaskaderka w jednym z odcinków nowozelandzkiej telenoweli \"Shortland Street\". W 1995 roku rozpoczęła się jej przygoda z serialem \"Xena: Wojownicza księżniczka\", w którym była dublerką Lucy Lawless we wszystkich czterech seriach. Przez następnych kilka lat miała epizody w kilku filmach i serialach telewizyjnych. Pewnym przełomem w jej karierze była funkcja dublerki Umy Thurman przy powstawaniu filmów \"Kill Bill\" i \"Kill Bill 2\". Jej praca na planie obu wymienionych produkcji zrobiła duże wrażenie na Quentinie Tarantino. Reżyser zdecydował się zaangażować ją jako pełnoprawną aktorkę w jego filmie \"Grindhouse: Deathproof\". Zagrała w nim samą siebie - kaskaderkę o imieniu Zoe, pochodzącą z Nowej Zelandii. W 2004 roku powstał film dokumentalny \"Double Dare\", w którym udział wzięła Bell i inna kaskaderka, Jeannie Epper. Film ukazuje realia kariery kobiet-kaskaderów w Hollywood. W ostatnich latach role w takich produkcjach jak \"Gamer\" czy \"Dziewczyna z marzeniami\", przyniosły Zoe status aktorki drugoplanowej.','http://1.fwcdn.pl/p/28/90/262890/344578.1.jpg'),(107,'Melissa','Leo','1960-09-14','Melissa Leo (ur. 14 września 1960r.) to amerykańska aktorka najbardziej znana z roli Detektyw Kay Howardw z cenionej i wielokrotnie nagradzanej serii \"Koledzy z wydziału zabójstw\", w którm grała w latach 1993–1997. Regularnie pojawiała się także w serialach \"All My Children\" i \"Młodych Jeźdzcach\". Ma na koncie także dużo filmów, w tym znane \"21 gramów\". Leo urodziła się w Nowym Jorku. Jej matka miała na imię Peggy i była nauczycielką, ojciec to Arnold Leo, rybak. Melissa ma syna z aktorem Johnem Heardem.','http://1.fwcdn.pl/p/62/29/46229/371556.1.jpg'),(108,'Nikolaj','Coster-Waldau','1970-07-27','Nikolaj urodził się 27 lipca 1970 roku w Rudkøbing, w Danii. Aktorstwa nauczył się w Statens Teaterskole w Kopenhadze. Studiował tam od 1989 do 1993 roku. Zadebiutował na deskach Betty Nansen Theater, wcielając się w rolę Laertes’a w „Hamlecie”. Jednak dopiero dzięki roli w filmie „Nightwatch”, w 1994 roku, zyskał popularność w Danii. Jak wielu europejskich aktorów, Nikolaj postanowił spróbować swoich sił w Stanach Zjednoczonych. Okazało się to dobrą decyzją. Jego amerykańska kariera zaczęła się w 2001 roku od roli w Oscarowej produkcji Ridley’a Scott’a „Helikopter w ogniu”. Później zagrał w „Enigmie” Michael’a Apted\'a u boku Kate Winslet. W 2004 roku Nikolaj zaczął współpracę z Richardem Loncrain’em przy filmie „Wimbledon” wcielając się w rolę tenisisty. Rok później Nikolaj po raz kolejny zagrał w filmie Ridley’a Scotta. W „Królestwie Niebieskim” wystąpił obok takich aktorów, jak: Orlando Bloom, Liam Neeson czy Eva Green. Locraine i Costar-Waldau ponownie spotkali się w 2006 roku przy pracy nad filmem „Firewall”, gdzie zagrał obok znanego Harrisona Forda. Po tych wielu filmowych sukcesach Nikolaj zajął się grą w serialach telewizyjnych. Wystąpił w serialu „Detektyw Amsterdam” i „Virtuality”. W 2011 roku zagrał w hicie HBO „Gra o tron” jako Sir Jamie Lannister.','http://1.fwcdn.pl/p/70/33/47033/245859.1.jpg'),(109,'Andrea','Riseborough','1981-10-27','Andrea Riseborough jeszcze nie ma biografii.','http://1.fwcdn.pl/p/62/46/606246/353071.1.jpg'),(110,'Olga','Kurylenko','1979-11-14','Olga Kurylenko jeszcze nie ma biografii.','http://1.fwcdn.pl/p/70/88/407088/371768.1.jpg'),(111,'Joseph','Kosinski','1974-05-03','Joseph Kosinski jeszcze nie ma biografii.','http://1.fwcdn.pl/p/80/82/818082/298764.1.jpg'),(112,'Clifton','Collins Jr.','1970-06-16','Clifton Collins Jr. jeszcze nie ma biografii.','http://1.fwcdn.pl/p/56/05/55605/391233.1.jpg'),(113,'Cole','Hauser','1975-03-22','Cole Hauser jeszcze nie ma biografii.','http://1.fwcdn.pl/p/27/43/2743/246947.1.jpg'),(114,'Kate','Mara','1982-02-27','Kate Mara urodziła się w Nowym Yorku. Jest córką Chrisa Mara i Kathleen Rooney.Ma starszego barta Daniela i dwójkę młodszego rodzeństwa, siostrę Patricie i brata Conora.Dorastała w Bedford w Nowym Yorku i chciała zostać aktorką odkąd zobaczyła Les Miserables ( francuski musical z 1980 roku).Wychowała się na musicalach telewizyjnych i występach na Broadwayu na które chodziła ze swoją mamą. Szczególnie lubiła oglądać filmy Judy Garlands.Sama zaczęła grać w wieku dziewięciu lat, od otrzymania roli w szkolnym musicalu.Mara oddzielnie uczęszczała do młodzieżowej teatralno - artystycznej szkoły.Należała do wspólnoty teatralnej oraz grała w szkolnych przedstawieniach.Kiedy była jeszcze młoda poprosiła swoją mamę by ta pomogła jej znaleźć agenta.Jej profesjonalna kariera zaczęła się kiedy miała 14 lat.Pierwsze przesłuchanie jakie odbyła dotyczyło dramatu telewizyjnego Homicide: Life on the Street.Jednak nie otrzymała żadnej roli. Ukończyła rok wcześniej Fox Lane High School.Mara został przyjęta do prestiżowej Tisch School of the Arts na New York University gdzie miała studiować teatr muzyczny jednak zwlekała przez 3 lata, aby móc grać i śpiewać.Zamieszkała na Manhattanie żeby mogła grać prze cały czas.','http://1.fwcdn.pl/p/75/25/7525/365310.1.jpg'),(115,'Cillian','Murphy','1976-05-25','Cillian Murphy to urodzony 25 maja 1976 roku irlandzki aktor i muzyk. Uczęszczał do Presentation Brothers College w Cork, gdzie jednym z jego nauczycieli był pisarz William Wall. Później podjął studia prawnicze na University College Cork. Początkowo najbardziej interesowały go występy na scenie w charakterze muzyka. Grał na gitarze w zespole Sons of Mr. Greengenes znajdującym się pod wpływem muzyki Franka Zappy. Jednak od czasu opuszczenia koledżu jego głównym zainteresowaniem było aktorstwo. Pierwszą ważną rolę zagrał w przygotowanym przez szkołę przedstawieniu zatytułowanym \"Observe the Sons of Ulster Marching Towards the Somme\". To umożliwiło mu grę w sztuce Enda Walsha reżyserowanej przez Pata Kiernana. Przedstawienie nosiło tytuł \"Disco Pigs\". To był pierwszy przełom w karierze Cilliana. W 2001 roku odtworzył swoją rolę w ekranizacji owej sztuki w reżyserii Kirsten Sheridan. Zagrał także w filmie \"Intermission\". Jednak prawdziwym sukcesem okazało się doskonale przyjęte w USA \"28 dni później\" w reżyserii Danny\'ego Boyle\'a. Ta rola zwróciła uwagę wielkich studiów na Cilliana. Zagrał we \"Wzgórzu nadziei\" i w \"Dziewczynie z perłą\". W 2005 roku przyszedł czas na kreacje w \"Batmanie: początku\" i \"Red eye\". 2006 rok to występ w produkcji \"Wietrze buszującym w jęczmieniu\". Prywatnie Cillian jest szczęśliwym mężem Yvonne McGuinness (starszej od niego o 4 lata), oraz ojcem chłopców:  Malachy\'ego i Carricka.','http://1.fwcdn.pl/p/45/17/84517/251529_1.1.jpg'),(116,'Paul','Bettany','1971-05-27','Urodził się w teatralnej rodzinie. Jego ojciec Thane nadal jest aktorem. Matka jest już jednak na emeryturze, aczkolwiek również parała się grą aktorską. Paul ma starszą siostrę, która jest pisarką. Dorastał w północno-zachodnim Londynie do 9. roku życia, później zaś - w Hertfordshire. Zaraz po ukończeniu Drama Centre, przeniósł się do West End, by dołączyć do obsady sztuki \"An Inspector Calls\". Gdy zaproponowano mu tournee objazdowe z tym przedstawieniem, odmówił - wolał zostać w Anglii. Jego kariera rozwijała się powoli. Szerszej publiczności znany jest dopiero z roli Charlesa w \"Pięknym Umyśle\" (2001). Dalej można go było zobaczyć w \"Dogville\" i \"Panu i władca - na krańcu świata\" (2003). W 2004 zabłysnął zaś wreszcie w roli pierwszoplanowej - w komedii romantycznej \"Wimbledon\", u boku Kirsten Dunst. Wiadomo już też, że w superprodukcji \"Kod Leondarda da Vinci (2006) zagra charakterystyczną rolę Sylasa.','http://1.fwcdn.pl/p/32/17/43217/354658.1.jpg'),(117,'Rebecca','Hall','1982-05-03','Rebecca Hall jest córką Petera Halla i Marii Ewing. Jej rodzice rozwiedli się, gdy miała 5 lat. Jako dziecko uczęszczała do Roedan School na przedmieściach Brighton, gdzie była \"head girl\" (w brytyjskim systemie edukacji oznacza to uczennicę wyznaczoną do pewnych obowiązków, takich jak pomoc dyrekcji, reprezentowanie szkoły na uroczystościach itp.). Następnie studiowała literaturę angielską w St. Catharine\'s College w Cambrige , jednak w 2002 r. opuściła uczelnię. Podczas pobytu w Cambridge zagrała w kilku sztukach i założyła własną grupę teatralną. Jej debiut telewizyjny nastąpił w 1992 r. (miała wtedy 10 lat). Zagrała młodą Sophy w adaptacji \"The Camomile Lawn\" (\"Rumianki w trawie\") brytyjskiej autorki Mary Wesley. Reżyserem był jej ojciec. Po studenckich doświadczeniach z teatrem, w 2002 r. wystąpiła na deskach londyńskiego Strand Theatre w sztuce \"Mrs. Warren\'s Profession\" George\'a Bernarda Shawa, także wyreżyserowanej przez jej ojca. Za tę rolę otrzymała Ian Charleson Award w 2003 r. Następną nominację do tej nagrody otrzymała za występ w kolejnej produkcji jej ojca, szekspirowskiej komedii \"Jak wam się podoba\". W 2008 r. Rebecca wystąpi w dwóch sztukach reżyserowanych przez Sama Mendesa w ramach projektu \"The Bridge\". W 2006 r. po raz pierwszy pojawiła się na dużym ekranie. Zagrała w \"Miłosnej układance\" na podstawie powieści Davida Nichollsa, a następnie w \"Prestiżu\" Christophera Nolana.','http://1.fwcdn.pl/p/84/32/188432/242846.1.jpg'),(118,'Johnny','Depp','1963-06-09','Johnny Depp urodził się w małym miasteczku w bardzo typowej amerykańskiej rodzinie. Jego ojciec był inżynierem matka zaś zajmowała się domem. Kiedy miał 7 lat przeprowadził się wraz z rodziną na Florydę. Kilka lat później jego rodzice rozwiedli się, co spowodowało u Johna załamanie nerwowe i skłoniło do szukania ukojenia w narkotykach. Stało się to przyczyną wyrzucenia Deppa ze szkoły. Postanowił wtedy zrobić karierę jako muzyk. Grał w około 15. różnych zespołach, z których największą sławą cieszyła się grupa pod nazwą \"Kids\". Wyruszyli nawet na wspólne tournee z legendarnym rockmanem Iggy Popem. Niestety po kilku latach zespół się rozpadł, a Depp postanowił tym razem spróbować szczęścia jako aktor. Jego ówczesna żona Lori Allison zapoznała go z Nicolasem Cagem, który załatwił mu rolę w horrorze \"Koszmar z ulicy Wiązów\". Po ukończeniu szkoły aktorskiej w Los Angeles Depp został zaangażowany do jednej z mniejszych ról w obsypanym Oscarami filmie Olivera Stone\'a \"Pluton\". Zwrócił na siebie uwagę producentów telewizyjnych i został zatrudniony do serialu \"21 Jump Street\". Rola detektywa Tommy\'ego Hansona, którą tam grał przyniosła mu ogromną popularność i umożliwiła rozpoczęcie kariery na dużym ekranie. Wystąpił w filmie kontrowersyjnego reżysera Johna Watersa \"Beksa\" i w surrealistycznej baśni Tima Burtona \"Edward Nożycoręki\". Obie role zostały ocenione bardzo dobrze a Deppowi nadały status gwiazdy. Niestety jego kariera zawodowa była w tym okresie pełna skandali. W 1993 r. aktor River Phoenix zmarł z przedawkowania narkotyków w nocnym klubie Viper Room, należącym do Deppa. Rok później Johnny został aresztowany za spowodowanie strat w wysokości 2.000 dolarów w hotelu na Manhattanie.  Na szczęście był to przejściowy okres w jego życiu i dziś aktor wzbudza zainteresowanie prasy brukowej tylko częstymi zmianami towarzyszek swojego życia. Warto nadmienić, że były wśród nich takie sławy jak: Sherilynn Fenn, Jennifer Grey, czy modelka Kate Moss. W 1996 r. Johnny Depp zakupił posiadłość, należącą wcześniej do odtwórcy roli Drakuli, Bela Lugosi i zamieszkiwał tam wraz ze swoją kolejną narzeczoną, francuską piosenkarką Vanessą Paradise, aż do czasu rozstania w roku 2012.','http://1.fwcdn.pl/p/00/29/29/346090.1.jpg'),(119,'Wally','Pfister','1961-07-08','Bezsenność to już drugi po Memento film wspólnie realizowany przez Pfistera i Nolana. W 1999 r. na festiwalu w Santa Monica za zdjęcia do niezależnego The Hi Line Wally Pfister zdobył nagrodę dla najlepszego operatora. Właśnie ten film zwrócił uwagę Christophera Nolana i wkrótce obaj spotkali się na planie Memento. Pfister jest autorem zdjęć do Scotland, PA (premiera na festiwalu w Sundance 2001), Rhapsady In Bloom, Rustin, A Kid In Aladdin`s Palace, Starnger By Night. Wkrótce na ekrany wejdzie Lauren Canyon Lisy Cholodenko.','http://1.fwcdn.pl/p/08/99/40899/349175.1.jpg');
/*!40000 ALTER TABLE `Persons_person` ENABLE KEYS */;
UNLOCK TABLES;

--
-- Table structure for table `Rewards_moviereward`
--

DROP TABLE IF EXISTS `Rewards_moviereward`;
/*!40101 SET @saved_cs_client     = @@character_set_client */;
/*!40101 SET character_set_client = utf8 */;
CREATE TABLE `Rewards_moviereward` (
  `id` int(11) NOT NULL AUTO_INCREMENT,
  `reward_id` int(11) NOT NULL,
  `for_movie_id` int(11) NOT NULL,
  `for_what` varchar(200) COLLATE utf8_polish_ci NOT NULL,
  PRIMARY KEY (`id`),
  KEY `Rewards_movierewa_reward_id_9753d46df17b63e_fk_Rewards_reward_id` (`reward_id`),
  KEY `Rewards_moviere_for_movie_id_2af56d6f742be87c_fk_Movies_movie_id` (`for_movie_id`),
  CONSTRAINT `Rewards_moviere_for_movie_id_2af56d6f742be87c_fk_Movies_movie_id` FOREIGN KEY (`for_movie_id`) REFERENCES `Movies_movie` (`id`),
  CONSTRAINT `Rewards_movierewa_reward_id_9753d46df17b63e_fk_Rewards_reward_id` FOREIGN KEY (`reward_id`) REFERENCES `Rewards_reward` (`id`)
) ENGINE=InnoDB AUTO_INCREMENT=113 DEFAULT CHARSET=utf8 COLLATE=utf8_polish_ci;
/*!40101 SET character_set_client = @saved_cs_client */;

--
-- Dumping data for table `Rewards_moviereward`
--

LOCK TABLES `Rewards_moviereward` WRITE;
/*!40000 ALTER TABLE `Rewards_moviereward` DISABLE KEYS */;
INSERT INTO `Rewards_moviereward` VALUES (1,2,2,'Najlepsze zdjęcia do filmu fabularnego Roger Deakins'),(2,1,2,'Najlepszy operator Roger Deakins'),(3,10,3,'Najlepszy scenariusz Andrew Kevin Walker'),(4,10,3,'Najlepsza charakteryzacja'),(5,11,3,'Najlepszy film'),(6,11,3,'Najbardziej pożądany mężczyzna Brad Pitt'),(7,11,3,'Najlepszy czarny charakter Kevin Spacey'),(8,9,4,'Najlepsza młoda aktorka Dakota Fanning'),(9,10,4,'Najlepsza kreacja młodego aktora lub aktorki Dakota Fanning'),(10,3,5,'Najlepsza charakteryzacja'),(11,3,5,'Najlepsza muzyka oryginalna Howard Shore'),(12,3,5,'Najlepsze efekty specjalne'),(13,3,5,'Najlepsze zdjęcia Andrew Lesnie'),(14,12,5,'Najlepszy film Barrie M. Osborne, Peter Jackson, Tim Sanders'),(15,12,5,'Najlepsze efekty specjalne'),(16,12,5,'Nagroda im. Davida Leana za najlepszą reżyserię Peter Jackson'),(17,12,5,'Nagroda publiczności dla najlepszego filmu'),(18,12,5,'Najlepsza charakteryzacja'),(19,10,5,'Najlepsze specjalne wydanie DVD'),(20,10,5,'Najlepszy film fantasy'),(21,10,5,'Najlepszy aktor drugoplanowy Ian McKellen'),(22,10,5,'Najlepsza reżyseria Peter Jackson'),(23,9,5,'Najlepszy franchising filmowy'),(24,9,5,'Najlepszy kompozytor Howard Shore'),(25,9,5,'Najlepsza piosenka \"May It Be\", wyk. Enya (I)'),(26,13,5,'Najlepsze wydanie DVD'),(27,13,5,'Najlepsze dodatki w wydaniu DVD'),(28,13,5,'Najlepszy dźwięk Christopher Boyes, Gethin Creagh, Hammond Peek, Michael Semanick'),(29,13,5,'Najlepszy film animowany lub łączący w sobie różne media'),(30,11,5,'Najlepszy film'),(31,11,5,'Przełomowa rola męska Orlando Bloom'),(32,3,6,'Najlepsze efekty specjalne'),(33,3,6,'Najlepszy montaż dźwięku Ethan Van der Ryn, Mike Hopkins'),(34,12,6,'Najlepsze kostiumy Ngila Dickson, Richard Taylor'),(35,12,6,'Najlepsze efekty specjalne'),(36,12,6,'Nagroda publiczności dla najlepszego filmu'),(37,10,6,'Najlepsze wydanie kolekcji na DVD'),(38,10,6,'Najlepsze specjalne wydanie DVD'),(39,10,6,'Najlepszy film fantasy'),(40,10,6,'Najlepszy aktor drugoplanowy Andy Serkis'),(41,9,6,'Najlepszy występ cyfrowy Andy Serkis jako Gollum'),(42,9,6,'Najlepszy film'),(43,3,7,'Najlepszy film Barrie M. Osborne, Fran Walsh, Peter Jackson'),(44,3,7,'Najlepszy reżyser Peter Jackson'),(45,3,7,'Najlepszy scenariusz adaptowany Fran Walsh, Peter Jackson, Philippa Boyens'),(46,3,7,'Najlepsza charakteryzacja'),(47,3,7,'Najlepsza muzyka oryginalna Howard Shore'),(48,3,7,'Najlepsza piosenka \"Into the West\", wyk. Annie Lennox'),(49,4,7,'Najlepszy dramat'),(50,4,7,'Najlepszy reżyser Peter Jackson'),(51,4,7,'Najlepsza muzyka Howard Shore'),(52,12,7,'Najlepszy film Barrie M. Osborne, Fran Walsh, Peter Jackson'),(53,12,7,'Najlepszy scenariusz adaptowany Fran Walsh, Peter Jackson, Philippa Boyens'),(54,12,7,'Najlepsze zdjęcia Andrew Lesnie'),(55,12,7,'Najlepsze efekty specjalne'),(56,12,7,'Nagroda publiczności dla najlepszego filmu'),(57,10,7,'Najlepsze specjalne wydanie DVD'),(58,10,7,'Najlepszy film fantasy'),(59,10,7,'Najlepszy aktor Elijah Wood'),(60,10,7,'Najlepszy aktor drugoplanowy Sean Astin'),(61,10,7,'Najlepszy scenariusz Fran Walsh, Peter Jackson, Philippa Boyens'),(62,10,7,'Najlepsze efekty specjalne'),(63,9,7,'Najlepszy film'),(64,9,7,'Najlepszy kompozytor Howard Shore'),(65,10,7,'Najlepsza obsada'),(66,10,8,'Najlepsza scenografia Dan Hennah'),(67,11,8,'Najlepszy bohater Martin Freeman jako Bilbo'),(68,14,8,'Najlepsze indywidualne osiągnięcie: animacja postaci w filmie aktorskim'),(69,10,9,'Najlepsza scenografia Dan Hennah'),(70,10,10,'Najlepszy film fantasy'),(71,10,10,'Najlepszy aktor drugoplanowy Richard Armitage'),(72,3,11,'Nagroda za specjalne osiągnięcia II nagrodzony Benjamin Burtt Jr. za efekty dźwiękowe'),(73,3,11,'Najlepsza muzyka oryginalna John Williams'),(74,3,11,'Najlepsza scenografia John Barry, Leslie Dilley, Norman Reynolds, Roger Christian'),(75,3,11,'Najlepsze kostiumy John Mollo'),(76,3,11,'Najlepszy dźwięk Bob Minkler, Derek Ball, Don MacDougall, Ray West'),(77,4,11,'Najlepsza muzyka John Williams'),(78,12,11,'Nagroda im. Anthony\'ego Asquitha za najlepszą muzykę filmową John Williams'),(79,10,11,'Najlepszy film sci-fi'),(80,10,11,'Najlepszy aktor drugoplanowy Alec Guinness'),(81,10,11,'Najlepsza reżyseria George Lucas'),(82,10,11,'Najlepszy scenariusz George Lucas'),(83,10,11,'Najlepsza charakteryzacja'),(84,10,11,'Najlepsze efekty specjalne'),(85,3,12,'Nagroda za specjalne osiągnięcia'),(86,3,12,'Najlepszy dźwięk Bill Varney, Gregg Landaker, Peter Sutton, Steve Maslow'),(87,12,12,'Nagroda im. Anthony\'ego Asquitha za najlepszą muzykę filmową John Williams'),(88,10,12,'Najlepszy film sci-fi'),(89,10,12,'Najlepszy aktor Mark Hamill'),(90,10,12,'Najlepsza reżyseria Irvin Kershner'),(91,10,12,'Najlepsze efekty specjalne'),(92,13,12,'Najlepsze dodatki w wydaniu DVD'),(93,3,13,'Nagroda za specjalne osiągnięcia'),(94,12,13,'Najlepsze efekty specjalne'),(95,10,13,'Najlepszy film sci-fi'),(96,10,13,'Najlepszy aktor Mark Hamill'),(97,10,13,'Najlepsza charakteryzacja'),(98,10,14,'Najlepsze efekty specjalne'),(99,10,14,'Najlepsze kostiumy Trisha Biggar'),(100,13,14,'Najlepsze dodatki w wydaniu DVD'),(101,11,14,'Najlepsza scena akcji za wyścig ścigaczy'),(102,10,15,'Najlepsze efekty specjalne'),(103,10,15,'Najlepsze kostiumy Trisha Biggar'),(104,13,15,'Najlepsze dodatki w wydaniu DVD'),(105,11,15,'Najlepsza scena walki Christopher Lee walka z Yodą'),(106,10,16,'Najlepszy film sci-fi'),(107,10,16,'Najlepsza muzyka John Williams'),(108,13,16,'Najlepsze dodatki w wydaniu DVD'),(109,13,16,'Najlepszy dźwięk'),(110,11,16,'Najlepszy czarny charakter Hayden Christensen'),(111,10,18,'Najlepszy film akcji / przygodowy'),(112,10,18,'Najlepszy montaż Paul Hirsch');
/*!40000 ALTER TABLE `Rewards_moviereward` ENABLE KEYS */;
UNLOCK TABLES;

--
-- Table structure for table `Rewards_personreward`
--

DROP TABLE IF EXISTS `Rewards_personreward`;
/*!40101 SET @saved_cs_client     = @@character_set_client */;
/*!40101 SET character_set_client = utf8 */;
CREATE TABLE `Rewards_personreward` (
  `id` int(11) NOT NULL AUTO_INCREMENT,
  `reward_id` int(11) NOT NULL,
  `for_person_id` int(11) NOT NULL,
  `for_what` varchar(200) COLLATE utf8_polish_ci NOT NULL,
  PRIMARY KEY (`id`),
  KEY `Rewards_personre_reward_id_1a5149cdfeced0a8_fk_Rewards_reward_id` (`reward_id`),
  KEY `Rewards_pers_for_person_id_431c75a68c0bb1ee_fk_Persons_person_id` (`for_person_id`),
  CONSTRAINT `Rewards_pers_for_person_id_431c75a68c0bb1ee_fk_Persons_person_id` FOREIGN KEY (`for_person_id`) REFERENCES `Persons_person` (`id`),
  CONSTRAINT `Rewards_personre_reward_id_1a5149cdfeced0a8_fk_Rewards_reward_id` FOREIGN KEY (`reward_id`) REFERENCES `Rewards_reward` (`id`)
) ENGINE=InnoDB AUTO_INCREMENT=26 DEFAULT CHARSET=utf8 COLLATE=utf8_polish_ci;
/*!40101 SET character_set_client = @saved_cs_client */;

--
-- Dumping data for table `Rewards_personreward`
--

LOCK TABLES `Rewards_personreward` WRITE;
/*!40000 ALTER TABLE `Rewards_personreward` DISABLE KEYS */;
INSERT INTO `Rewards_personreward` VALUES (1,3,3,'Najlepszy aktor drugoplanowy za film Za wszelką cenę (2004)'),(2,4,3,'Najlepszy aktor w komedii lub musicalu za film Wożąc panią Daisy (1989)'),(3,5,3,'Najlepszy zespół aktorski za film Wożąc panią Daisy (1989)'),(4,6,3,'Najlepszy aktor drugoplanowy za film Cwaniak (1987)'),(5,7,3,'Najlepszy aktor w roli drugoplanowej za film Za wszelką cenę (2004)'),(6,3,2,'Najlepszy aktor drugoplanowy za film Rzeka tajemnic (2003)'),(7,4,2,'Najlepszy aktor drugoplanowy za film Rzeka tajemnic (2003)'),(8,4,2,'Najlepszy aktor w komedii lub musicalu za film Gracz (1992)'),(9,8,2,'Najlepszy aktor za film Gracz (1992)'),(10,9,2,'Najlepszy aktor drugoplanowy za film Rzeka tajemnic (2003)'),(11,7,2,'Najlepszy aktor w roli drugoplanowej za film Rzeka tajemnic (2003)'),(12,4,17,'Najlepszy aktor drugoplanowy za film Magnolia (1999)'),(13,4,17,'Najlepszy aktor w komedii lub musicalu za film Jerry Maguire (1996)'),(14,4,17,'Najlepszy aktor w dramacie za film Urodzony 4 lipca (1989)'),(15,10,17,'Najlepszy aktor za film Vanilla Sky (2001)'),(16,11,17,'Najlepszy aktor za film Mission: Impossible 2 (2000)'),(17,11,17,'Najlepszy aktor za film Jerry Maguire (1996)'),(18,3,22,'Najlepszy film za film Władca Pierścieni: Powrót króla (2003)'),(19,4,22,'Najlepszy reżyser za film King Kong (2005)'),(20,12,22,'Najlepszy film za film Władca Pierścieni: Powrót króla (2003)'),(21,10,23,'Najlepszy aktor za film Władca Pierścieni: Powrót króla (2003)'),(22,10,23,'Najlepsza kreacja młodego aktora lub aktorki za film Synalek (1993)'),(23,11,23,'Najlepszy zespół aktorski za film Władca Pierścieni: Dwie wieże (2002)'),(24,10,24,'Najlepszy aktor drugoplanowy za film Władca Pierścieni: Powrót króla (2003)'),(25,11,24,'Najlepszy zespół aktorski za film Władca Pierścieni: Dwie wieże (2002)');
/*!40000 ALTER TABLE `Rewards_personreward` ENABLE KEYS */;
UNLOCK TABLES;

--
-- Table structure for table `Rewards_reward`
--

DROP TABLE IF EXISTS `Rewards_reward`;
/*!40101 SET @saved_cs_client     = @@character_set_client */;
/*!40101 SET character_set_client = utf8 */;
CREATE TABLE `Rewards_reward` (
  `id` int(11) NOT NULL AUTO_INCREMENT,
  `name` varchar(30) COLLATE utf8_polish_ci NOT NULL,
  `icon` varchar(200) COLLATE utf8_polish_ci NOT NULL,
  PRIMARY KEY (`id`),
  FULLTEXT KEY `name` (`name`),
  FULLTEXT KEY `name_2` (`name`),
  FULLTEXT KEY `name_3` (`name`),
  FULLTEXT KEY `name_4` (`name`),
  FULLTEXT KEY `name_5` (`name`),
  FULLTEXT KEY `name_6` (`name`),
  FULLTEXT KEY `name_7` (`name`)
) ENGINE=InnoDB AUTO_INCREMENT=15 DEFAULT CHARSET=utf8 COLLATE=utf8_polish_ci;
/*!40101 SET character_set_client = @saved_cs_client */;

--
-- Dumping data for table `Rewards_reward`
--

LOCK TABLES `Rewards_reward` WRITE;
/*!40000 ALTER TABLE `Rewards_reward` DISABLE KEYS */;
INSERT INTO `Rewards_reward` VALUES (1,'Brown Frog','http://1.fwcdn.pl/award/24.jpg'),(2,'ASC','http://1.fwcdn.pl/award/190.jpg'),(3,'Oscar','http://1.fwcdn.pl/award/13.jpg'),(4,'Golden Globe','http://1.fwcdn.pl/award/14.jpg'),(5,'Silver Bear','http://1.fwcdn.pl/award/160.jpg'),(6,'Independent Spirit','http://1.fwcdn.pl/award/291.jpg'),(7,'Actor','http://1.fwcdn.pl/award/5.jpg'),(8,'Golden Palm','http://1.fwcdn.pl/award/92.jpg'),(9,'Critics Choice','http://1.fwcdn.pl/award/710.jpg'),(10,'Saturn','http://1.fwcdn.pl/award/12.jpg'),(11,'Golden Popcorn','http://1.fwcdn.pl/award/19.jpg'),(12,'BAFTA','http://1.fwcdn.pl/award/18.jpg'),(13,'Golden Satellite','http://1.fwcdn.pl/award/20.jpg'),(14,'Annie','http://1.fwcdn.pl/award/260.jpg');
/*!40000 ALTER TABLE `Rewards_reward` ENABLE KEYS */;
UNLOCK TABLES;

--
-- Table structure for table `User`
--

DROP TABLE IF EXISTS `User`;
/*!40101 SET @saved_cs_client     = @@character_set_client */;
/*!40101 SET character_set_client = utf8 */;
CREATE TABLE `User` (
  `id` int(11) NOT NULL AUTO_INCREMENT,
  `password` varchar(128) COLLATE utf8_polish_ci NOT NULL,
  `last_login` datetime(6) DEFAULT NULL,
  `email` varchar(254) COLLATE utf8_polish_ci NOT NULL,
  `first_name` varchar(50) COLLATE utf8_polish_ci NOT NULL,
  `last_name` varchar(50) COLLATE utf8_polish_ci NOT NULL,
  `joined` datetime(6) NOT NULL,
  `is_active` tinyint(1) NOT NULL,
  `is_admin` tinyint(1) NOT NULL,
  PRIMARY KEY (`id`),
  UNIQUE KEY `email` (`email`)
) ENGINE=InnoDB DEFAULT CHARSET=utf8 COLLATE=utf8_polish_ci;
/*!40101 SET character_set_client = @saved_cs_client */;

--
-- Dumping data for table `User`
--

LOCK TABLES `User` WRITE;
/*!40000 ALTER TABLE `User` DISABLE KEYS */;
/*!40000 ALTER TABLE `User` ENABLE KEYS */;
UNLOCK TABLES;

--
-- Table structure for table `auth_group`
--

DROP TABLE IF EXISTS `auth_group`;
/*!40101 SET @saved_cs_client     = @@character_set_client */;
/*!40101 SET character_set_client = utf8 */;
CREATE TABLE `auth_group` (
  `id` int(11) NOT NULL AUTO_INCREMENT,
  `name` varchar(80) COLLATE utf8_polish_ci NOT NULL,
  PRIMARY KEY (`id`),
  UNIQUE KEY `name` (`name`)
) ENGINE=InnoDB DEFAULT CHARSET=utf8 COLLATE=utf8_polish_ci;
/*!40101 SET character_set_client = @saved_cs_client */;

--
-- Dumping data for table `auth_group`
--

LOCK TABLES `auth_group` WRITE;
/*!40000 ALTER TABLE `auth_group` DISABLE KEYS */;
/*!40000 ALTER TABLE `auth_group` ENABLE KEYS */;
UNLOCK TABLES;

--
-- Table structure for table `auth_group_permissions`
--

DROP TABLE IF EXISTS `auth_group_permissions`;
/*!40101 SET @saved_cs_client     = @@character_set_client */;
/*!40101 SET character_set_client = utf8 */;
CREATE TABLE `auth_group_permissions` (
  `id` int(11) NOT NULL AUTO_INCREMENT,
  `group_id` int(11) NOT NULL,
  `permission_id` int(11) NOT NULL,
  PRIMARY KEY (`id`),
  UNIQUE KEY `group_id` (`group_id`,`permission_id`),
  KEY `auth_group__permission_id_1f49ccbbdc69d2fc_fk_auth_permission_id` (`permission_id`),
  CONSTRAINT `auth_group__permission_id_1f49ccbbdc69d2fc_fk_auth_permission_id` FOREIGN KEY (`permission_id`) REFERENCES `auth_permission` (`id`),
  CONSTRAINT `auth_group_permission_group_id_689710a9a73b7457_fk_auth_group_id` FOREIGN KEY (`group_id`) REFERENCES `auth_group` (`id`)
) ENGINE=InnoDB DEFAULT CHARSET=utf8 COLLATE=utf8_polish_ci;
/*!40101 SET character_set_client = @saved_cs_client */;

--
-- Dumping data for table `auth_group_permissions`
--

LOCK TABLES `auth_group_permissions` WRITE;
/*!40000 ALTER TABLE `auth_group_permissions` DISABLE KEYS */;
/*!40000 ALTER TABLE `auth_group_permissions` ENABLE KEYS */;
UNLOCK TABLES;

--
-- Table structure for table `auth_permission`
--

DROP TABLE IF EXISTS `auth_permission`;
/*!40101 SET @saved_cs_client     = @@character_set_client */;
/*!40101 SET character_set_client = utf8 */;
CREATE TABLE `auth_permission` (
  `id` int(11) NOT NULL AUTO_INCREMENT,
  `name` varchar(255) COLLATE utf8_polish_ci NOT NULL,
  `content_type_id` int(11) NOT NULL,
  `codename` varchar(100) COLLATE utf8_polish_ci NOT NULL,
  PRIMARY KEY (`id`),
  UNIQUE KEY `content_type_id` (`content_type_id`,`codename`),
  CONSTRAINT `auth__content_type_id_508cf46651277a81_fk_django_content_type_id` FOREIGN KEY (`content_type_id`) REFERENCES `django_content_type` (`id`)
) ENGINE=InnoDB AUTO_INCREMENT=67 DEFAULT CHARSET=utf8 COLLATE=utf8_polish_ci;
/*!40101 SET character_set_client = @saved_cs_client */;

--
-- Dumping data for table `auth_permission`
--

LOCK TABLES `auth_permission` WRITE;
/*!40000 ALTER TABLE `auth_permission` DISABLE KEYS */;
INSERT INTO `auth_permission` VALUES (1,'Can add log entry',1,'add_logentry'),(2,'Can change log entry',1,'change_logentry'),(3,'Can delete log entry',1,'delete_logentry'),(4,'Can add permission',2,'add_permission'),(5,'Can change permission',2,'change_permission'),(6,'Can delete permission',2,'delete_permission'),(7,'Can add group',3,'add_group'),(8,'Can change group',3,'change_group'),(9,'Can delete group',3,'delete_group'),(13,'Can add content type',5,'add_contenttype'),(14,'Can change content type',5,'change_contenttype'),(15,'Can delete content type',5,'delete_contenttype'),(16,'Can add session',6,'add_session'),(17,'Can change session',6,'change_session'),(18,'Can delete session',6,'delete_session'),(19,'Can add movie',7,'add_movie'),(20,'Can change movie',7,'change_movie'),(21,'Can delete movie',7,'delete_movie'),(22,'Can add person',8,'add_person'),(23,'Can change person',8,'change_person'),(24,'Can delete person',8,'delete_person'),(25,'Can add actor',9,'add_actor'),(26,'Can change actor',9,'change_actor'),(27,'Can delete actor',9,'delete_actor'),(28,'Can add director',10,'add_director'),(29,'Can change director',10,'change_director'),(30,'Can delete director',10,'delete_director'),(31,'Can add genre',11,'add_genre'),(32,'Can change genre',11,'change_genre'),(33,'Can delete genre',11,'delete_genre'),(34,'Can add movie genre',12,'add_moviegenre'),(35,'Can change movie genre',12,'change_moviegenre'),(36,'Can delete movie genre',12,'delete_moviegenre'),(37,'Can add reward',13,'add_reward'),(38,'Can change reward',13,'change_reward'),(39,'Can delete reward',13,'delete_reward'),(40,'Can add movie reward',14,'add_moviereward'),(41,'Can change movie reward',14,'change_moviereward'),(42,'Can delete movie reward',14,'delete_moviereward'),(43,'Can add person reward',15,'add_personreward'),(44,'Can change person reward',15,'change_personreward'),(45,'Can delete person reward',15,'delete_personreward'),(46,'Can add user',16,'add_user'),(47,'Can change user',16,'change_user'),(48,'Can delete user',16,'delete_user'),(49,'Can add user',17,'add_user'),(50,'Can change user',17,'change_user'),(51,'Can delete user',17,'delete_user'),(52,'Can add site',18,'add_site'),(53,'Can change site',18,'change_site'),(54,'Can delete site',18,'delete_site'),(55,'Can add registration profile',19,'add_registrationprofile'),(56,'Can change registration profile',19,'change_registrationprofile'),(57,'Can delete registration profile',19,'delete_registrationprofile'),(58,'Can add comment person',20,'add_commentperson'),(59,'Can change comment person',20,'change_commentperson'),(60,'Can delete comment person',20,'delete_commentperson'),(61,'Can add comment movie',21,'add_commentmovie'),(62,'Can change comment movie',21,'change_commentmovie'),(63,'Can delete comment movie',21,'delete_commentmovie'),(64,'Can add rate movie',22,'add_ratemovie'),(65,'Can change rate movie',22,'change_ratemovie'),(66,'Can delete rate movie',22,'delete_ratemovie');
/*!40000 ALTER TABLE `auth_permission` ENABLE KEYS */;
UNLOCK TABLES;

--
-- Table structure for table `auth_user`
--

DROP TABLE IF EXISTS `auth_user`;
/*!40101 SET @saved_cs_client     = @@character_set_client */;
/*!40101 SET character_set_client = utf8 */;
CREATE TABLE `auth_user` (
  `id` int(11) NOT NULL AUTO_INCREMENT,
  `password` varchar(128) COLLATE utf8_polish_ci NOT NULL,
  `last_login` datetime(6) DEFAULT NULL,
  `is_superuser` tinyint(1) NOT NULL,
  `username` varchar(30) COLLATE utf8_polish_ci NOT NULL,
  `first_name` varchar(30) COLLATE utf8_polish_ci NOT NULL,
  `last_name` varchar(30) COLLATE utf8_polish_ci NOT NULL,
  `email` varchar(254) COLLATE utf8_polish_ci NOT NULL,
  `is_staff` tinyint(1) NOT NULL,
  `is_active` tinyint(1) NOT NULL,
  `date_joined` datetime(6) NOT NULL,
  PRIMARY KEY (`id`),
  UNIQUE KEY `username` (`username`)
) ENGINE=InnoDB AUTO_INCREMENT=13 DEFAULT CHARSET=utf8 COLLATE=utf8_polish_ci;
/*!40101 SET character_set_client = @saved_cs_client */;

--
-- Dumping data for table `auth_user`
--

LOCK TABLES `auth_user` WRITE;
/*!40000 ALTER TABLE `auth_user` DISABLE KEYS */;
INSERT INTO `auth_user` VALUES (1,'pbkdf2_sha256$20000$hebduR0JH0U6$RYapCn5QVB0hCyF+paFS1/qHq74ztRGVk4lyvXxFoog=','2016-01-07 13:05:45.292237',1,'asdflo','','','bogdan.chwalinski@gmail.com',1,1,'2015-11-15 16:35:07.868140'),(11,'pbkdf2_sha256$20000$wX9qC0z7IwSm$FUMfS4CGHKmfhq6GrtOHd6e+w0QnK7Vg4w0jEW35euc=','2015-11-29 17:52:04.259930',0,'spisaczek','Kamil','Spisak','kspisak@gmail.com',0,1,'2015-11-17 09:53:33.000000'),(12,'pbkdf2_sha256$20000$B85bgAhoR7Pb$ANw3lpP/FuZwpkGc/62OPW9WB9hQu7+MsGwKB1G4TfI=','2015-12-01 07:21:16.960831',0,'kprzystalski','Karol','Przystalski','karol.przystalski@uj.edu.pl',0,1,'2015-11-30 22:14:17.000000');
/*!40000 ALTER TABLE `auth_user` ENABLE KEYS */;
UNLOCK TABLES;

--
-- Table structure for table `auth_user_groups`
--

DROP TABLE IF EXISTS `auth_user_groups`;
/*!40101 SET @saved_cs_client     = @@character_set_client */;
/*!40101 SET character_set_client = utf8 */;
CREATE TABLE `auth_user_groups` (
  `id` int(11) NOT NULL AUTO_INCREMENT,
  `user_id` int(11) NOT NULL,
  `group_id` int(11) NOT NULL,
  PRIMARY KEY (`id`),
  UNIQUE KEY `user_id` (`user_id`,`group_id`),
  KEY `auth_user_groups_group_id_33ac548dcf5f8e37_fk_auth_group_id` (`group_id`),
  CONSTRAINT `auth_user_groups_group_id_33ac548dcf5f8e37_fk_auth_group_id` FOREIGN KEY (`group_id`) REFERENCES `auth_group` (`id`),
  CONSTRAINT `auth_user_groups_user_id_4b5ed4ffdb8fd9b0_fk_auth_user_id` FOREIGN KEY (`user_id`) REFERENCES `auth_user` (`id`)
) ENGINE=InnoDB DEFAULT CHARSET=utf8 COLLATE=utf8_polish_ci;
/*!40101 SET character_set_client = @saved_cs_client */;

--
-- Dumping data for table `auth_user_groups`
--

LOCK TABLES `auth_user_groups` WRITE;
/*!40000 ALTER TABLE `auth_user_groups` DISABLE KEYS */;
/*!40000 ALTER TABLE `auth_user_groups` ENABLE KEYS */;
UNLOCK TABLES;

--
-- Table structure for table `auth_user_user_permissions`
--

DROP TABLE IF EXISTS `auth_user_user_permissions`;
/*!40101 SET @saved_cs_client     = @@character_set_client */;
/*!40101 SET character_set_client = utf8 */;
CREATE TABLE `auth_user_user_permissions` (
  `id` int(11) NOT NULL AUTO_INCREMENT,
  `user_id` int(11) NOT NULL,
  `permission_id` int(11) NOT NULL,
  PRIMARY KEY (`id`),
  UNIQUE KEY `user_id` (`user_id`,`permission_id`),
  KEY `auth_user_u_permission_id_384b62483d7071f0_fk_auth_permission_id` (`permission_id`),
  CONSTRAINT `auth_user_u_permission_id_384b62483d7071f0_fk_auth_permission_id` FOREIGN KEY (`permission_id`) REFERENCES `auth_permission` (`id`),
  CONSTRAINT `auth_user_user_permissi_user_id_7f0938558328534a_fk_auth_user_id` FOREIGN KEY (`user_id`) REFERENCES `auth_user` (`id`)
) ENGINE=InnoDB DEFAULT CHARSET=utf8 COLLATE=utf8_polish_ci;
/*!40101 SET character_set_client = @saved_cs_client */;

--
-- Dumping data for table `auth_user_user_permissions`
--

LOCK TABLES `auth_user_user_permissions` WRITE;
/*!40000 ALTER TABLE `auth_user_user_permissions` DISABLE KEYS */;
/*!40000 ALTER TABLE `auth_user_user_permissions` ENABLE KEYS */;
UNLOCK TABLES;

--
-- Table structure for table `django_admin_log`
--

DROP TABLE IF EXISTS `django_admin_log`;
/*!40101 SET @saved_cs_client     = @@character_set_client */;
/*!40101 SET character_set_client = utf8 */;
CREATE TABLE `django_admin_log` (
  `id` int(11) NOT NULL AUTO_INCREMENT,
  `action_time` datetime(6) NOT NULL,
  `object_id` longtext COLLATE utf8_polish_ci,
  `object_repr` varchar(200) COLLATE utf8_polish_ci NOT NULL,
  `action_flag` smallint(5) unsigned NOT NULL,
  `change_message` longtext COLLATE utf8_polish_ci NOT NULL,
  `content_type_id` int(11) DEFAULT NULL,
  `user_id` int(11) NOT NULL,
  PRIMARY KEY (`id`),
  KEY `djang_content_type_id_697914295151027a_fk_django_content_type_id` (`content_type_id`),
  KEY `django_admin_log_user_id_52fdd58701c5f563_fk_auth_user_id` (`user_id`),
  CONSTRAINT `djang_content_type_id_697914295151027a_fk_django_content_type_id` FOREIGN KEY (`content_type_id`) REFERENCES `django_content_type` (`id`),
  CONSTRAINT `django_admin_log_user_id_52fdd58701c5f563_fk_auth_user_id` FOREIGN KEY (`user_id`) REFERENCES `auth_user` (`id`)
) ENGINE=InnoDB AUTO_INCREMENT=654 DEFAULT CHARSET=utf8 COLLATE=utf8_polish_ci;
/*!40101 SET character_set_client = @saved_cs_client */;

--
-- Dumping data for table `django_admin_log`
--

LOCK TABLES `django_admin_log` WRITE;
/*!40000 ALTER TABLE `django_admin_log` DISABLE KEYS */;
INSERT INTO `django_admin_log` VALUES (1,'2015-11-15 17:17:33.313337','1','asddsa',1,'',7,1),(2,'2015-11-15 17:18:02.136850','1','asddsa',2,'Zmieniono duration',7,1),(3,'2015-11-15 17:18:37.291695','1','asddsa',3,'',7,1),(4,'2015-11-15 19:30:28.754655','2','Skazani na Shawshank',1,'',7,1),(5,'2015-11-15 19:30:48.469682','2','Skazani na Shawshank',2,'Zmieniono relase_date',7,1),(6,'2015-11-15 19:32:26.729247','1','FrankDarabont',1,'',8,1),(7,'2015-11-15 19:33:25.536983','2','TimRobbins',1,'',8,1),(8,'2015-11-15 19:34:09.253864','3','MorganFreeman',1,'',8,1),(9,'2015-11-15 19:34:42.567644','4','BobGunton',1,'',8,1),(10,'2015-11-15 19:35:23.552759','5','JamesWhitmore',1,'',8,1),(11,'2015-11-15 19:35:51.289512','6','MarkRolston',1,'',8,1),(12,'2015-11-15 19:36:35.707730','7','GilBellows',1,'',8,1),(13,'2015-11-15 19:37:12.529221','8','ClancyBrown',1,'',8,1),(14,'2015-11-15 19:37:42.339515','9','WilliamSadler',1,'',8,1),(15,'2015-11-15 19:41:28.594093','1','FrankDarabont',1,'',10,1),(16,'2015-11-15 19:41:49.072363','1','TimRobbins',1,'',9,1),(17,'2015-11-15 19:42:02.181104','2','MorganFreeman',1,'',9,1),(18,'2015-11-15 19:42:09.671670','3','BobGunton',1,'',9,1),(19,'2015-11-15 19:42:20.810611','4','WilliamSadler',1,'',9,1),(20,'2015-11-15 19:42:29.698805','5','ClancyBrown',1,'',9,1),(21,'2015-11-15 19:42:37.596645','6','GilBellows',1,'',9,1),(22,'2015-11-15 19:42:46.151123','7','MarkRolston',1,'',9,1),(23,'2015-11-15 19:42:53.399310','8','JamesWhitmore',1,'',9,1),(24,'2015-11-15 19:45:54.043482','1','Drama',1,'',11,1),(25,'2015-11-15 19:46:01.720272','1','Drama',1,'',12,1),(26,'2015-11-15 19:48:07.671610','1','Brown Frog',1,'',13,1),(27,'2015-11-15 19:48:26.709553','2','ASC',1,'',13,1),(28,'2015-11-15 19:48:41.529396','1','ASC',1,'',14,1),(29,'2015-11-15 19:48:51.829601','2','Brown Frog',1,'',14,1),(30,'2015-11-16 11:34:19.028239','3','Oscar',1,'',13,1),(31,'2015-11-16 11:34:29.008206','1','Oscar',1,'',15,1),(32,'2015-11-16 11:34:49.314342','4','Golden Globe',1,'',13,1),(33,'2015-11-16 11:34:57.326623','2','Golden Globe',1,'',15,1),(34,'2015-11-16 11:35:14.343199','5','Silver Bear',1,'',13,1),(35,'2015-11-16 11:35:23.178365','3','Silver Bear',1,'',15,1),(36,'2015-11-16 11:35:43.282709','6','Independent Spirit',1,'',13,1),(37,'2015-11-16 11:35:51.969947','4','Independent Spirit',1,'',15,1),(38,'2015-11-16 11:36:08.113190','7','Actor',1,'',13,1),(39,'2015-11-16 11:36:17.020214','5','Actor',1,'',15,1),(40,'2015-11-16 11:50:55.770458','6','Oscar',1,'',15,1),(41,'2015-11-16 11:51:18.180800','7','Golden Globe',1,'',15,1),(42,'2015-11-16 11:51:26.025254','8','Golden Globe',1,'',15,1),(43,'2015-11-16 11:51:46.648155','8','Golden Palm',1,'',13,1),(44,'2015-11-16 11:51:53.981733','9','Golden Palm',1,'',15,1),(45,'2015-11-16 11:52:19.975458','9','Critics Choice',1,'',13,1),(46,'2015-11-16 11:52:27.314291','10','Critics Choice',1,'',15,1),(47,'2015-11-16 11:52:36.145104','11','Actor',1,'',15,1),(48,'2015-11-16 16:40:54.383170','1','example.com',3,'',18,1),(49,'2015-11-16 16:41:15.041240','2','http://127.0.0.1:8000/',1,'',18,1),(50,'2015-11-16 17:11:45.487580','2','Brown Frog',2,'Żadne pole nie zmienione.',14,1),(51,'2015-11-16 17:11:48.056124','1','ASC',2,'Żadne pole nie zmienione.',14,1),(52,'2015-11-16 17:11:54.661611','11','Actor',2,'Żadne pole nie zmienione.',15,1),(53,'2015-11-16 17:11:56.619676','10','Critics Choice',2,'Żadne pole nie zmienione.',15,1),(54,'2015-11-16 17:11:58.492751','9','Golden Palm',2,'Żadne pole nie zmienione.',15,1),(55,'2015-11-16 17:12:00.840006','7','Golden Globe',2,'Żadne pole nie zmienione.',15,1),(56,'2015-11-16 17:12:02.963778','8','Golden Globe',2,'Żadne pole nie zmienione.',15,1),(57,'2015-11-16 17:12:05.367641','6','Oscar',2,'Żadne pole nie zmienione.',15,1),(58,'2015-11-16 17:12:07.356091','5','Actor',2,'Żadne pole nie zmienione.',15,1),(59,'2015-11-16 17:12:09.429794','4','Independent Spirit',2,'Żadne pole nie zmienione.',15,1),(60,'2015-11-16 17:12:11.911904','3','Silver Bear',2,'Żadne pole nie zmienione.',15,1),(61,'2015-11-16 17:12:14.242050','2','Golden Globe',2,'Żadne pole nie zmienione.',15,1),(62,'2015-11-16 17:12:16.004040','1','Oscar',2,'Żadne pole nie zmienione.',15,1),(63,'2015-11-16 19:14:00.462386','3','qwe',3,'',17,1),(64,'2015-11-16 19:14:00.476677','2','test',3,'',17,1),(65,'2015-11-16 19:14:00.495316','4','test3',3,'',17,1),(66,'2015-11-16 19:42:18.101074','5','test',3,'',17,1),(67,'2015-11-16 19:42:18.108506','6','test2',3,'',17,1),(68,'2015-11-16 19:54:26.711938','7','test',3,'',17,1),(69,'2015-11-17 07:44:29.990334','10','qwe',3,'',17,1),(70,'2015-11-17 07:44:30.009405','8','test',3,'',17,1),(71,'2015-11-17 07:44:30.020685','9','test3',3,'',17,1),(72,'2015-11-17 08:16:32.100538','1','Skazani na Shawshank',1,'',21,1),(73,'2015-11-17 08:48:13.307132','3','test',1,'',7,1),(74,'2015-11-17 09:18:57.619605','5','test',3,'',21,1),(75,'2015-11-17 09:19:07.588764','3','test',3,'',7,1),(76,'2015-11-17 09:36:40.999611','6','Tim Robbins',3,'',20,1),(77,'2015-11-17 09:36:41.023031','5','Morgan Freeman',3,'',20,1),(78,'2015-11-17 09:36:41.042801','4','Morgan Freeman',3,'',20,1),(79,'2015-11-17 09:36:41.057393','3','Morgan Freeman',3,'',20,1),(80,'2015-11-17 09:36:41.069006','2','Morgan Freeman',3,'',20,1),(81,'2015-11-17 09:36:41.078643','1','Morgan Freeman',3,'',20,1),(82,'2015-11-17 09:53:33.925725','11','spisaczek',1,'',17,1),(83,'2015-11-17 09:54:10.191199','11','spisaczek',2,'Zmieniono first_name, last_name i email',17,1),(84,'2015-11-29 17:54:06.200725','22','Skazani na Shawshank',3,'',22,1),(85,'2015-11-29 17:54:06.216271','21','Skazani na Shawshank',3,'',22,1),(86,'2015-11-29 17:54:06.227945','20','Skazani na Shawshank',3,'',22,1),(87,'2015-11-29 17:54:06.239595','19','Skazani na Shawshank',3,'',22,1),(88,'2015-11-29 17:54:06.251677','18','Skazani na Shawshank',3,'',22,1),(89,'2015-11-29 17:54:06.257719','17','Skazani na Shawshank',3,'',22,1),(90,'2015-11-29 17:54:06.269635','16','Skazani na Shawshank',3,'',22,1),(91,'2015-11-29 17:54:06.284714','15','Skazani na Shawshank',3,'',22,1),(92,'2015-11-29 17:54:06.290760','14','Skazani na Shawshank',3,'',22,1),(93,'2015-11-29 17:54:06.302373','13','Skazani na Shawshank',3,'',22,1),(94,'2015-11-29 17:54:06.316674','12','Skazani na Shawshank',3,'',22,1),(95,'2015-11-29 17:54:06.348747','11','Skazani na Shawshank',3,'',22,1),(96,'2015-11-29 17:54:06.369089','10','Skazani na Shawshank',3,'',22,1),(97,'2015-11-29 17:54:06.386815','9','Skazani na Shawshank',3,'',22,1),(98,'2015-11-29 17:54:06.399427','8','Skazani na Shawshank',3,'',22,1),(99,'2015-11-29 17:54:06.416372','7','Skazani na Shawshank',3,'',22,1),(100,'2015-11-29 17:54:06.428516','6','Skazani na Shawshank',3,'',22,1),(101,'2015-11-29 17:54:06.440399','5','Skazani na Shawshank',3,'',22,1),(102,'2015-11-29 17:54:06.453044','4','Skazani na Shawshank',3,'',22,1),(103,'2015-11-29 17:54:06.459335','3','Skazani na Shawshank',3,'',22,1),(104,'2015-11-29 17:54:06.471090','2','Skazani na Shawshank',3,'',22,1),(105,'2015-11-29 17:54:06.482989','1','Skazani na Shawshank',3,'',22,1),(106,'2015-11-30 20:21:39.576455','3','Siedem',1,'',7,1),(107,'2015-11-30 20:22:51.261553','10','David Fincher',1,'',8,1),(108,'2015-11-30 20:23:41.898257','11','Brad Pitt',1,'',8,1),(109,'2015-11-30 20:24:14.981879','12','Gwyneth  Paltrow',1,'',8,1),(110,'2015-11-30 20:24:49.443413','13','Kevin  Spacey',1,'',8,1),(111,'2015-11-30 20:25:26.077028','14','Daniel Zacapa',1,'',8,1),(112,'2015-11-30 20:26:10.449187','15','John Cassini',1,'',8,1),(113,'2015-11-30 20:26:59.297957','2','David Fincher',1,'',10,1),(114,'2015-11-30 20:27:16.803323','9','Morgan Freeman',1,'',9,1),(115,'2015-11-30 20:27:26.313705','10','Brad Pitt',1,'',9,1),(116,'2015-11-30 20:27:38.248639','11','Gwyneth  Paltrow',1,'',9,1),(117,'2015-11-30 20:27:49.317377','12','Kevin  Spacey',1,'',9,1),(118,'2015-11-30 20:27:59.970797','13','Daniel Zacapa',1,'',9,1),(119,'2015-11-30 20:28:07.980182','14','John Cassini',1,'',9,1),(120,'2015-11-30 20:28:48.670297','2','Crime',1,'',11,1),(121,'2015-11-30 20:28:57.425692','3','Thiller',1,'',11,1),(122,'2015-11-30 20:29:17.444602','2','Crime',1,'',12,1),(123,'2015-11-30 20:29:20.925921','3','Thiller',1,'',12,1),(124,'2015-11-30 20:30:08.263089','10','Saturn',1,'',13,1),(125,'2015-11-30 20:30:42.322232','11','Golden Popcorn',1,'',13,1),(126,'2015-11-30 20:31:05.759731','3','Saturn',1,'',14,1),(127,'2015-11-30 20:31:16.969917','4','Saturn',1,'',14,1),(128,'2015-11-30 20:31:25.724579','5','Golden Popcorn',1,'',14,1),(129,'2015-11-30 20:31:33.538391','6','Golden Popcorn',1,'',14,1),(130,'2015-11-30 20:31:43.187265','7','Golden Popcorn',1,'',14,1),(131,'2015-11-30 20:36:49.826033','4','Wojna światów',1,'',7,1),(132,'2015-11-30 20:38:40.746404','16','Steven Spielberg',1,'',8,1),(133,'2015-11-30 20:39:28.198904','17','Tom Cruise',1,'',8,1),(134,'2015-11-30 20:40:04.980813','18','Justin Chatwin',1,'',8,1),(135,'2015-11-30 20:40:35.268845','19','Dakota Fanning',1,'',8,1),(136,'2015-11-30 20:41:09.978852','20','Miranda Otto',1,'',8,1),(137,'2015-11-30 20:41:48.780503','21','David Basche',1,'',8,1),(138,'2015-11-30 20:42:01.000941','3','Steven Spielberg',1,'',10,1),(139,'2015-11-30 20:42:22.932181','15','Tom Cruise',1,'',9,1),(140,'2015-11-30 20:42:33.525005','16','Justin Chatwin',1,'',9,1),(141,'2015-11-30 20:42:57.418097','17','Dakota Fanning',1,'',9,1),(142,'2015-11-30 20:43:09.282335','18','Tim Robbins',1,'',9,1),(143,'2015-11-30 20:43:18.728793','19','Miranda Otto',1,'',9,1),(144,'2015-11-30 20:43:29.531409','20','David Basche',1,'',9,1),(145,'2015-11-30 20:44:06.058348','4','Sci-Fi',1,'',11,1),(146,'2015-11-30 20:44:13.158230','4','Drama',1,'',12,1),(147,'2015-11-30 20:44:16.893268','5','Sci-Fi',1,'',12,1),(148,'2015-11-30 20:44:58.129485','8','Critics Choice',1,'',14,1),(149,'2015-11-30 20:45:09.397402','9','Saturn',1,'',14,1),(150,'2015-11-30 20:46:13.732932','5','Sci-Fi',3,'',12,1),(151,'2015-11-30 20:46:20.392544','4','Sci-Fi',3,'',11,1),(152,'2015-11-30 20:46:37.419305','5','SciFi',1,'',11,1),(153,'2015-11-30 20:46:45.674075','6','SciFi',1,'',12,1),(154,'2015-11-30 20:50:25.877398','12','Golden Globe',1,'',15,1),(155,'2015-11-30 20:50:35.628443','13','Golden Globe',1,'',15,1),(156,'2015-11-30 20:50:49.133296','14','Golden Globe',1,'',15,1),(157,'2015-11-30 20:51:08.725047','15','Saturn',1,'',15,1),(158,'2015-11-30 20:51:28.841396','16','Golden Popcorn',1,'',15,1),(159,'2015-11-30 20:51:39.276701','17','Golden Popcorn',1,'',15,1),(160,'2015-11-30 22:06:47.718085','5','Kot w butach',3,'',7,1),(161,'2015-11-30 22:15:31.380405','12','kprzystalski',2,'Zmieniono first_name i last_name',17,1),(162,'2016-01-13 12:35:41.452020','5','Władca Pierścieni: Drużyna Pierścienia',1,'',7,1),(163,'2016-01-13 12:38:55.374428','22','Peter Jackson',1,'',8,1),(164,'2016-01-13 12:40:44.657699','23','Elijah Wood',1,'',8,1),(165,'2016-01-13 12:42:36.115136','24','Sean Astin',1,'',8,1),(166,'2016-01-13 12:44:03.423999','25','Billy Boyd',1,'',8,1),(167,'2016-01-13 12:44:53.766977','26','Dominic Monaghan',1,'',8,1),(168,'2016-01-13 12:45:48.957735','27','Ian Holm',1,'',8,1),(169,'2016-01-13 12:46:51.951294','28','Viggo Mortensen',1,'',8,1),(170,'2016-01-13 12:47:48.773450','29','Ian McKellen',1,'',8,1),(171,'2016-01-13 12:48:38.981088','30','Liv Tyler',1,'',8,1),(172,'2016-01-13 12:49:35.603862','31','Orlando Bloom',1,'',8,1),(173,'2016-01-13 12:50:21.317637','32','John Rhys-Davies',1,'',8,1),(174,'2016-01-13 12:51:12.666081','33','Hugo Weaving',1,'',8,1),(175,'2016-01-13 12:52:07.792784','34','Cate Blanchett',1,'',8,1),(176,'2016-01-13 12:53:01.316451','35','Sean Bean',1,'',8,1),(177,'2016-01-13 12:53:51.973844','36','Christopher Lee',1,'',8,1),(178,'2016-01-13 12:54:51.993013','37','Andy Serkis',1,'',8,1),(179,'2016-01-13 12:55:43.150113','38','Sala Baker',1,'',8,1),(180,'2016-01-13 13:07:03.439038','6','Fantasy',1,'',11,1),(181,'2016-01-13 13:07:30.254232','7','Adventure',1,'',11,1),(182,'2016-01-13 13:09:38.020115','4','Peter Jackson',1,'',10,1),(183,'2016-01-13 13:10:17.315906','21','Elijah Wood',1,'',9,1),(184,'2016-01-13 13:10:37.314522','22','Sean Astin',1,'',9,1),(185,'2016-01-13 13:10:54.687951','23','Billy Boyd',1,'',9,1),(186,'2016-01-13 13:11:09.169000','24','Dominic Monaghan',1,'',9,1),(187,'2016-01-13 13:11:25.889381','25','Ian Holm',1,'',9,1),(188,'2016-01-13 13:11:38.684452','26','Viggo Mortensen',1,'',9,1),(189,'2016-01-13 13:11:51.206616','27','Ian McKellen',1,'',9,1),(190,'2016-01-13 13:12:04.009054','28','Liv Tyler',1,'',9,1),(191,'2016-01-13 13:12:15.090167','29','Orlando Bloom',1,'',9,1),(192,'2016-01-13 13:12:26.024346','30','John Rhys-Davies',1,'',9,1),(193,'2016-01-13 13:12:39.084529','31','Hugo Weaving',1,'',9,1),(194,'2016-01-13 13:12:50.646751','32','Cate Blanchett',1,'',9,1),(195,'2016-01-13 13:13:02.504914','33','Sean Bean',1,'',9,1),(196,'2016-01-13 13:13:17.952767','34','Christopher Lee',1,'',9,1),(197,'2016-01-13 13:13:31.479215','35','Andy Serkis',1,'',9,1),(198,'2016-01-13 13:13:44.739359','36','Sala Baker',1,'',9,1),(199,'2016-01-13 13:13:57.795149','7','Fantasy',1,'',12,1),(200,'2016-01-13 13:14:03.039413','8','Adventure',1,'',12,1),(201,'2016-01-13 13:15:10.370346','10','Oscar',1,'',14,1),(202,'2016-01-13 13:15:22.168705','11','Oscar',1,'',14,1),(203,'2016-01-13 13:15:32.534327','12','Oscar',1,'',14,1),(204,'2016-01-13 13:15:43.006372','13','Oscar',1,'',14,1),(205,'2016-01-13 13:16:19.949784','12','BAFTA',1,'',13,1),(206,'2016-01-13 13:16:32.521276','14','BAFTA',1,'',14,1),(207,'2016-01-13 13:16:43.157997','15','BAFTA',1,'',14,1),(208,'2016-01-13 13:16:55.449725','16','BAFTA',1,'',14,1),(209,'2016-01-13 13:17:05.385303','17','BAFTA',1,'',14,1),(210,'2016-01-13 13:17:16.084754','18','BAFTA',1,'',14,1),(211,'2016-01-13 13:17:29.663354','19','Saturn',1,'',14,1),(212,'2016-01-13 13:17:40.531274','20','Saturn',1,'',14,1),(213,'2016-01-13 13:17:50.418112','21','Saturn',1,'',14,1),(214,'2016-01-13 13:18:00.050922','22','Saturn',1,'',14,1),(215,'2016-01-13 13:23:50.169822','23','Critics Choice',1,'',14,1),(216,'2016-01-13 13:24:02.881958','24','Critics Choice',1,'',14,1),(217,'2016-01-13 13:24:18.119742','25','Critics Choice',1,'',14,1),(218,'2016-01-13 13:25:03.994183','13','Golden Satellite',1,'',13,1),(219,'2016-01-13 13:25:15.048198','26','Golden Satellite',1,'',14,1),(220,'2016-01-13 13:25:26.916827','27','Golden Satellite',1,'',14,1),(221,'2016-01-13 13:25:39.672983','28','Golden Satellite',1,'',14,1),(222,'2016-01-13 13:25:52.197133','29','Golden Satellite',1,'',14,1),(223,'2016-01-13 13:26:14.628554','30','Golden Popcorn',1,'',14,1),(224,'2016-01-13 13:26:29.365606','31','Golden Popcorn',1,'',14,1),(225,'2016-01-13 13:27:28.129937','18','Oscar',1,'',15,1),(226,'2016-01-13 13:27:50.838330','19','Golden Globe',1,'',15,1),(227,'2016-01-13 13:28:11.976633','20','BAFTA',1,'',15,1),(228,'2016-01-13 13:28:41.997871','21','Saturn',1,'',15,1),(229,'2016-01-13 13:29:00.431846','22','Saturn',1,'',15,1),(230,'2016-01-13 13:29:18.082896','23','Golden Popcorn',1,'',15,1),(231,'2016-01-13 13:29:42.940303','24','Saturn',1,'',15,1),(232,'2016-01-13 13:29:58.382941','25','Golden Popcorn',1,'',15,1),(233,'2016-01-13 13:36:07.638353','6','Władca Pierścieni: Dwie wieże',1,'',7,1),(234,'2016-01-13 13:36:36.845998','5','Peter Jackson',1,'',10,1),(235,'2016-01-13 13:38:35.154601','39','Miranda Otto',1,'',8,1),(236,'2016-01-13 13:39:30.093262','40','David Wenham',1,'',8,1),(237,'2016-01-13 13:40:23.345422','41','Bernard Hill',1,'',8,1),(238,'2016-01-13 13:40:51.307573','9','Fantasy',1,'',12,1),(239,'2016-01-13 13:40:56.494951','10','Adventure',1,'',12,1),(240,'2016-01-13 13:41:38.809831','32','Oscar',1,'',14,1),(241,'2016-01-13 13:41:50.895023','33','Oscar',1,'',14,1),(242,'2016-01-13 13:42:05.446215','34','BAFTA',1,'',14,1),(243,'2016-01-13 13:42:18.386260','35','BAFTA',1,'',14,1),(244,'2016-01-13 13:42:30.511523','36','BAFTA',1,'',14,1),(245,'2016-01-13 13:42:44.857666','37','Saturn',1,'',14,1),(246,'2016-01-13 13:42:55.882800','38','Saturn',1,'',14,1),(247,'2016-01-13 13:43:20.552990','39','Saturn',1,'',14,1),(248,'2016-01-13 13:43:32.358165','40','Saturn',1,'',14,1),(249,'2016-01-13 13:43:46.851855','41','Critics Choice',1,'',14,1),(250,'2016-01-13 13:43:57.689649','42','Critics Choice',1,'',14,1),(251,'2016-01-13 13:44:52.146482','37','Elijah Wood',1,'',9,1),(252,'2016-01-13 13:45:05.566002','38','Sean Astin',1,'',9,1),(253,'2016-01-13 13:45:20.500561','39','Dominic Monaghan',1,'',9,1),(254,'2016-01-13 13:45:43.363170','40','Billy Boyd',1,'',9,1),(255,'2016-01-13 13:46:03.549024','41','Viggo Mortensen',1,'',9,1),(256,'2016-01-13 13:46:17.046458','42','Ian McKellen',1,'',9,1),(257,'2016-01-13 13:46:28.079061','43','Liv Tyler',1,'',9,1),(258,'2016-01-13 13:46:43.722048','44','Miranda Otto',1,'',9,1),(259,'2016-01-13 13:46:53.075888','45','Orlando Bloom',1,'',9,1),(260,'2016-01-13 13:47:04.899874','46','John Rhys-Davies',1,'',9,1),(261,'2016-01-13 13:47:16.769622','47','Hugo Weaving',1,'',9,1),(262,'2016-01-13 13:47:26.551470','48','Cate Blanchett',1,'',9,1),(263,'2016-01-13 13:47:37.612356','49','David Wenham',1,'',9,1),(264,'2016-01-13 13:47:56.620644','50','Christopher Lee',1,'',9,1),(265,'2016-01-13 13:48:08.017219','51','Andy Serkis',1,'',9,1),(266,'2016-01-13 13:48:21.994249','52','Bernard Hill',1,'',9,1),(267,'2016-01-13 14:15:15.737568','7','Władca Pierścieni: Powrót króla',1,'',7,1),(268,'2016-01-13 14:15:29.636779','11','Fantasy',1,'',12,1),(269,'2016-01-13 14:15:34.984932','12','Adventure',1,'',12,1),(270,'2016-01-13 14:15:56.486260','6','Peter Jackson',1,'',10,1),(271,'2016-01-13 14:16:44.532929','53','Elijah Wood',1,'',9,1),(272,'2016-01-13 14:16:57.492907','54','Sean Astin',1,'',9,1),(273,'2016-01-13 14:17:10.937210','55','Dominic Monaghan',1,'',9,1),(274,'2016-01-13 14:17:24.480105','56','Billy Boyd',1,'',9,1),(275,'2016-01-13 14:17:40.725479','57','Ian Holm',1,'',9,1),(276,'2016-01-13 14:17:52.468459','58','Viggo Mortensen',1,'',9,1),(277,'2016-01-13 14:18:05.452380','59','Ian McKellen',1,'',9,1),(278,'2016-01-13 14:18:16.889784','60','Liv Tyler',1,'',9,1),(279,'2016-01-13 14:18:34.816635','61','Orlando Bloom',1,'',9,1),(280,'2016-01-13 14:18:52.664194','62','Andy Serkis',1,'',9,1),(281,'2016-01-13 14:19:03.115548','63','John Rhys-Davies',1,'',9,1),(282,'2016-01-13 14:19:15.138770','64','Hugo Weaving',1,'',9,1),(283,'2016-01-13 14:19:28.309825','65','Cate Blanchett',1,'',9,1),(284,'2016-01-13 14:19:44.657172','66','David Wenham',1,'',9,1),(285,'2016-01-13 14:20:00.877226','67','Bernard Hill',1,'',9,1),(286,'2016-01-13 14:20:13.428460','68','Miranda Otto',1,'',9,1),(287,'2016-01-13 14:20:33.406202','69','Christopher Lee',1,'',9,1),(288,'2016-01-13 14:21:11.134262','43','Oscar',1,'',14,1),(289,'2016-01-13 14:21:21.697097','44','Oscar',1,'',14,1),(290,'2016-01-13 14:21:33.806459','45','Oscar',1,'',14,1),(291,'2016-01-13 14:21:44.293648','46','Oscar',1,'',14,1),(292,'2016-01-13 14:21:54.253154','47','Oscar',1,'',14,1),(293,'2016-01-13 14:22:04.006089','48','Oscar',1,'',14,1),(294,'2016-01-13 14:22:20.606425','49','Golden Globe',1,'',14,1),(295,'2016-01-13 14:22:30.995855','50','Golden Globe',1,'',14,1),(296,'2016-01-13 14:22:40.946432','51','Golden Globe',1,'',14,1),(297,'2016-01-13 14:22:53.236538','52','BAFTA',1,'',14,1),(298,'2016-01-13 14:23:13.316014','53','BAFTA',1,'',14,1),(299,'2016-01-13 14:23:44.252861','54','BAFTA',1,'',14,1),(300,'2016-01-13 14:23:55.900119','55','BAFTA',1,'',14,1),(301,'2016-01-13 14:24:08.355071','56','BAFTA',1,'',14,1),(302,'2016-01-13 14:24:21.552141','57','Saturn',1,'',14,1),(303,'2016-01-13 14:24:32.070292','58','Saturn',1,'',14,1),(304,'2016-01-13 14:24:43.124869','59','Saturn',1,'',14,1),(305,'2016-01-13 14:24:53.610394','60','Saturn',1,'',14,1),(306,'2016-01-13 14:25:05.215717','61','Saturn',1,'',14,1),(307,'2016-01-13 14:25:15.331199','62','Saturn',1,'',14,1),(308,'2016-01-13 14:25:30.459356','63','Critics Choice',1,'',14,1),(309,'2016-01-13 14:25:41.363753','64','Critics Choice',1,'',14,1),(310,'2016-01-13 14:25:52.420793','65','Saturn',1,'',14,1),(311,'2016-01-13 14:29:22.994974','8','Hobbit: Niezwykła podróż',1,'',7,1),(312,'2016-01-13 14:29:42.526833','13','Fantasy',1,'',12,1),(313,'2016-01-13 14:29:48.442790','14','Adventure',1,'',12,1),(314,'2016-01-13 14:30:20.712569','7','Peter Jackson',1,'',10,1),(315,'2016-01-13 14:31:28.148155','42','Martin Freeman',1,'',8,1),(316,'2016-01-13 14:32:21.649549','43','Richard Armitage',1,'',8,1),(317,'2016-01-13 14:33:11.593251','44','Ken Stott',1,'',8,1),(318,'2016-01-13 14:34:10.135522','45','Graham McTavish',1,'',8,1),(319,'2016-01-13 14:34:56.628453','46','William Kircher',1,'',8,1),(320,'2016-01-13 14:35:46.503002','47','James Nesbitt',1,'',8,1),(321,'2016-01-13 14:36:34.094532','48','Stephen Hunter',1,'',8,1),(322,'2016-01-13 14:37:14.338300','49','Dean O\'Gorman',1,'',8,1),(323,'2016-01-13 14:38:17.183115','50','Aidan Turner',1,'',8,1),(324,'2016-01-13 14:39:08.921100','51','John Callen',1,'',8,1),(325,'2016-01-13 14:39:53.037832','52','Peter Hambleton',1,'',8,1),(326,'2016-01-13 14:40:44.489888','53','Jed Brophy',1,'',8,1),(327,'2016-01-13 14:41:31.551820','54','Mark Hadlow',1,'',8,1),(328,'2016-01-13 14:42:35.247047','55','Adam Brown',1,'',8,1),(329,'2016-01-13 14:43:40.108883','56','Sylvester McCoy',1,'',8,1),(330,'2016-01-13 14:45:29.328030','70','Martin Freeman',1,'',9,1),(331,'2016-01-13 14:45:43.729468','71','Ian McKellen',1,'',9,1),(332,'2016-01-13 14:45:55.763967','72','Richard Armitage',1,'',9,1),(333,'2016-01-13 14:46:12.123982','73','Ken Stott',1,'',9,1),(334,'2016-01-13 14:46:22.320001','74','Graham McTavish',1,'',9,1),(335,'2016-01-13 14:46:34.922754','75','William Kircher',1,'',9,1),(336,'2016-01-13 14:46:45.683095','76','James Nesbitt',1,'',9,1),(337,'2016-01-13 14:46:56.428433','77','Stephen Hunter',1,'',9,1),(338,'2016-01-13 14:47:09.297213','78','Dean O\'Gorman',1,'',9,1),(339,'2016-01-13 14:47:20.525549','79','Aidan Turner',1,'',9,1),(340,'2016-01-13 14:47:33.806069','80','John Callen',1,'',9,1),(341,'2016-01-13 14:47:48.326998','81','Peter Hambleton',1,'',9,1),(342,'2016-01-13 14:48:02.686362','82','Jed Brophy',1,'',9,1),(343,'2016-01-13 14:48:17.897951','83','Mark Hadlow',1,'',9,1),(344,'2016-01-13 14:48:27.866341','84','Adam Brown',1,'',9,1),(345,'2016-01-13 14:48:44.354551','85','Ian Holm',1,'',9,1),(346,'2016-01-13 14:49:30.557631','86','Elijah Wood',1,'',9,1),(347,'2016-01-13 14:50:22.759183','87','Hugo Weaving',1,'',9,1),(348,'2016-01-13 14:50:33.895589','88','Cate Blanchett',1,'',9,1),(349,'2016-01-13 14:50:50.332949','89','Christopher Lee',1,'',9,1),(350,'2016-01-13 14:51:04.019910','90','Andy Serkis',1,'',9,1),(351,'2016-01-13 14:51:19.793729','91','Sylvester McCoy',1,'',9,1),(352,'2016-01-13 15:17:43.185369','66','Saturn',1,'',14,1),(353,'2016-01-13 15:18:09.816687','67','Golden Popcorn',1,'',14,1),(354,'2016-01-13 15:18:34.308479','14','Annie',1,'',13,1),(355,'2016-01-13 15:18:47.947275','68','Annie',1,'',14,1),(356,'2016-01-13 15:20:56.451005','9','Hobbit: Pustkowie Smauga',1,'',7,1),(357,'2016-01-13 15:21:10.957090','15','Fantasy',1,'',12,1),(358,'2016-01-13 15:21:16.342007','16','Adventure',1,'',12,1),(359,'2016-01-13 15:21:35.590892','8','Peter Jackson',1,'',10,1),(360,'2016-01-13 15:22:45.274077','92','Martin Freeman',1,'',9,1),(361,'2016-01-13 15:22:59.896994','93','Ian McKellen',1,'',9,1),(362,'2016-01-13 15:23:12.433441','94','Richard Armitage',1,'',9,1),(363,'2016-01-13 15:23:31.340349','95','Orlando Bloom',1,'',9,1),(364,'2016-01-13 15:23:51.061293','96','Ken Stott',1,'',9,1),(365,'2016-01-13 15:24:02.272001','97','Graham McTavish',1,'',9,1),(366,'2016-01-13 15:24:14.132370','98','William Kircher',1,'',9,1),(367,'2016-01-13 15:24:25.723010','99','James Nesbitt',1,'',9,1),(368,'2016-01-13 15:24:38.145622','100','Stephen Hunter',1,'',9,1),(369,'2016-01-13 15:24:52.287161','101','Dean O\'Gorman',1,'',9,1),(370,'2016-01-13 15:25:05.191539','102','Aidan Turner',1,'',9,1),(371,'2016-01-13 15:25:19.644963','103','John Callen',1,'',9,1),(372,'2016-01-13 15:25:31.970839','104','Peter Hambleton',1,'',9,1),(373,'2016-01-13 15:25:45.017076','105','Jed Brophy',1,'',9,1),(374,'2016-01-13 15:25:57.118976','106','Mark Hadlow',1,'',9,1),(375,'2016-01-13 15:26:08.935925','107','Adam Brown',1,'',9,1),(376,'2016-01-13 15:26:39.098889','108','Cate Blanchett',1,'',9,1),(377,'2016-01-13 15:26:53.922640','109','Sylvester McCoy',1,'',9,1),(378,'2016-01-13 15:28:06.572532','57','Evangeline Lilly',1,'',8,1),(379,'2016-01-13 15:28:54.990070','58','Luke Evans',1,'',8,1),(380,'2016-01-13 15:29:39.951698','59','Lee Pace',1,'',8,1),(381,'2016-01-13 15:30:17.184861','60','Mikael Persbrandt',1,'',8,1),(382,'2016-01-13 15:31:24.163289','61','Stephen Fry',1,'',8,1),(383,'2016-01-13 15:31:42.991916','110','Evangeline Lilly',1,'',9,1),(384,'2016-01-13 15:31:59.238073','111','Luke Evans',1,'',9,1),(385,'2016-01-13 15:32:19.281811','112','Lee Pace',1,'',9,1),(386,'2016-01-13 15:32:40.158423','113','Mikael Persbrandt',1,'',9,1),(387,'2016-01-13 15:32:54.074376','114','Stephen Fry',1,'',9,1),(388,'2016-01-13 15:34:36.246638','69','Saturn',1,'',14,1),(389,'2016-01-13 15:44:09.927785','10','Hobbit: Bitwa Pięciu Armii',1,'',7,1),(390,'2016-01-13 15:44:39.833019','17','Fantasy',1,'',12,1),(391,'2016-01-13 15:44:45.257460','18','Adventure',1,'',12,1),(392,'2016-01-13 15:45:03.068202','9','Peter Jackson',1,'',10,1),(393,'2016-01-13 15:45:42.528298','115','Martin Freeman',1,'',9,1),(394,'2016-01-13 15:45:58.691113','116','Ian McKellen',1,'',9,1),(395,'2016-01-13 15:46:12.586345','117','Richard Armitage',1,'',9,1),(396,'2016-01-13 15:46:24.207963','118','Luke Evans',1,'',9,1),(397,'2016-01-13 15:46:34.010455','119','Orlando Bloom',1,'',9,1),(398,'2016-01-13 15:46:47.144559','120','Evangeline Lilly',1,'',9,1),(399,'2016-01-13 15:47:00.404938','121','Lee Pace',1,'',9,1),(400,'2016-01-13 15:47:13.171651','122','Ken Stott',1,'',9,1),(401,'2016-01-13 15:47:27.402733','123','Graham McTavish',1,'',9,1),(402,'2016-01-13 15:47:42.216570','124','William Kircher',1,'',9,1),(403,'2016-01-13 15:47:56.541981','125','James Nesbitt',1,'',9,1),(404,'2016-01-13 15:48:22.828556','126','Stephen Hunter',1,'',9,1),(405,'2016-01-13 15:48:35.427935','127','Dean O\'Gorman',1,'',9,1),(406,'2016-01-13 15:48:47.073507','128','Aidan Turner',1,'',9,1),(407,'2016-01-13 15:48:58.521694','129','John Callen',1,'',9,1),(408,'2016-01-13 15:49:14.449827','130','Peter Hambleton',1,'',9,1),(409,'2016-01-13 15:49:26.432803','131','Jed Brophy',1,'',9,1),(410,'2016-01-13 15:49:37.825107','132','Mark Hadlow',1,'',9,1),(411,'2016-01-13 15:49:48.933957','133','Adam Brown',1,'',9,1),(412,'2016-01-13 15:50:00.105673','134','Cate Blanchett',1,'',9,1),(413,'2016-01-13 15:50:11.792001','135','Hugo Weaving',1,'',9,1),(414,'2016-01-13 15:50:24.275170','136','Christopher Lee',1,'',9,1),(415,'2016-01-13 15:50:39.502831','137','Ian Holm',1,'',9,1),(416,'2016-01-13 15:50:58.672767','138','Mikael Persbrandt',1,'',9,1),(417,'2016-01-13 15:51:15.092274','139','Sylvester McCoy',1,'',9,1),(418,'2016-01-13 15:51:27.523480','140','Stephen Fry',1,'',9,1),(419,'2016-01-13 15:54:03.129649','70','Saturn',1,'',14,1),(420,'2016-01-13 15:54:14.430977','71','Saturn',1,'',14,1),(421,'2016-01-13 16:13:36.782331','11','Gwiezdne wojny: Część IV - Nowa nadzieja',1,'',7,1),(422,'2016-01-13 16:14:23.755991','19','Adventure',1,'',12,1),(423,'2016-01-13 16:14:28.993861','20','SciFi',1,'',12,1),(424,'2016-01-13 16:15:41.034615','62','George Lucas',1,'',8,1),(425,'2016-01-13 16:16:35.023893','63','Mark Hamill',1,'',8,1),(426,'2016-01-13 16:17:33.467049','64','Harrison Ford',1,'',8,1),(427,'2016-01-13 16:18:21.028929','65','Carrie Fisher',1,'',8,1),(428,'2016-01-13 16:19:18.383593','66','Peter Cushing',1,'',8,1),(429,'2016-01-13 16:20:04.617331','67','Alec Guinness',1,'',8,1),(430,'2016-01-13 16:20:58.268534','68','Anthony Daniels',1,'',8,1),(431,'2016-01-13 16:21:47.217687','69','Kenny Baker',1,'',8,1),(432,'2016-01-13 16:22:30.342444','70','Peter Mayhew',1,'',8,1),(433,'2016-01-13 16:22:49.508262','10','George Lucas',1,'',10,1),(434,'2016-01-13 16:23:29.543196','141','Mark Hamill',1,'',9,1),(435,'2016-01-13 16:23:43.079872','142','Harrison Ford',1,'',9,1),(436,'2016-01-13 16:23:58.579890','143','Carrie Fisher',1,'',9,1),(437,'2016-01-13 16:24:13.255817','144','Peter Cushing',1,'',9,1),(438,'2016-01-13 16:24:28.081258','145','Alec Guinness',1,'',9,1),(439,'2016-01-13 16:24:45.361663','146','Anthony Daniels',1,'',9,1),(440,'2016-01-13 16:24:58.243467','147','Kenny Baker',1,'',9,1),(441,'2016-01-13 16:25:13.336582','148','Peter Mayhew',1,'',9,1),(442,'2016-01-13 16:25:46.495428','72','Oscar',1,'',14,1),(443,'2016-01-13 16:25:59.474413','73','Oscar',1,'',14,1),(444,'2016-01-13 16:26:11.690559','74','Oscar',1,'',14,1),(445,'2016-01-13 16:26:24.382758','75','Oscar',1,'',14,1),(446,'2016-01-13 16:26:34.717627','76','Oscar',1,'',14,1),(447,'2016-01-13 16:26:47.351617','77','Golden Globe',1,'',14,1),(448,'2016-01-13 16:26:58.557505','78','BAFTA',1,'',14,1),(449,'2016-01-13 16:27:10.169438','79','Saturn',1,'',14,1),(450,'2016-01-13 16:27:20.777509','80','Saturn',1,'',14,1),(451,'2016-01-13 16:27:32.714320','81','Saturn',1,'',14,1),(452,'2016-01-13 16:27:42.648178','82','Saturn',1,'',14,1),(453,'2016-01-13 16:27:53.936653','83','Saturn',1,'',14,1),(454,'2016-01-13 16:28:04.840414','84','Saturn',1,'',14,1),(455,'2016-01-13 16:31:01.614412','12','Gwiezdne wojny: Część V - Imperium kontratakuje',1,'',7,1),(456,'2016-01-13 16:31:28.752516','21','Adventure',1,'',12,1),(457,'2016-01-13 16:31:34.080042','22','SciFi',1,'',12,1),(458,'2016-01-13 16:32:22.881197','11','George Lucas',1,'',10,1),(459,'2016-01-13 16:33:42.048109','71','Billy Dee  Williams',1,'',8,1),(460,'2016-01-13 16:34:32.284804','72','David Prowse',1,'',8,1),(461,'2016-01-13 16:35:02.777717','149','Mark Hamill',1,'',9,1),(462,'2016-01-13 16:35:18.023321','150','Harrison Ford',1,'',9,1),(463,'2016-01-13 16:35:30.479255','151','Carrie Fisher',1,'',9,1),(464,'2016-01-13 16:35:49.229294','152','Billy Dee  Williams',1,'',9,1),(465,'2016-01-13 16:36:02.087223','153','Anthony Daniels',1,'',9,1),(466,'2016-01-13 16:36:20.377603','154','David Prowse',1,'',9,1),(467,'2016-01-13 16:36:39.043166','155','Peter Mayhew',1,'',9,1),(468,'2016-01-13 16:36:56.733063','156','Kenny Baker',1,'',9,1),(469,'2016-01-13 16:37:27.734071','85','Oscar',1,'',14,1),(470,'2016-01-13 16:37:37.713641','86','Oscar',1,'',14,1),(471,'2016-01-13 16:37:54.364894','87','BAFTA',1,'',14,1),(472,'2016-01-13 16:38:09.835675','88','Saturn',1,'',14,1),(473,'2016-01-13 16:38:19.915633','89','Saturn',1,'',14,1),(474,'2016-01-13 16:38:30.263160','90','Saturn',1,'',14,1),(475,'2016-01-13 16:38:44.777560','91','Saturn',1,'',14,1),(476,'2016-01-13 16:39:03.290377','92','Golden Satellite',1,'',14,1),(477,'2016-01-13 16:41:34.847979','13','Gwiezdne wojny: Część VI - Powrót Jedi',1,'',7,1),(478,'2016-01-13 16:41:49.138373','23','SciFi',1,'',12,1),(479,'2016-01-13 16:41:59.970462','24','Adventure',1,'',12,1),(480,'2016-01-13 16:42:39.043385','12','George Lucas',1,'',10,1),(481,'2016-01-13 16:43:53.048813','73','Ian McDiarmid',1,'',8,1),(482,'2016-01-13 16:44:36.265014','74','Sebastian Shaw',1,'',8,1),(483,'2016-01-13 16:44:58.772950','157','Mark Hamill',1,'',9,1),(484,'2016-01-13 16:45:14.046708','158','Harrison Ford',1,'',9,1),(485,'2016-01-13 16:45:29.228137','159','Carrie Fisher',1,'',9,1),(486,'2016-01-13 16:45:43.249107','160','Billy Dee  Williams',1,'',9,1),(487,'2016-01-13 16:45:56.225881','161','Anthony Daniels',1,'',9,1),(488,'2016-01-13 16:46:08.746571','162','Peter Mayhew',1,'',9,1),(489,'2016-01-13 16:46:22.218554','163','Sebastian Shaw',1,'',9,1),(490,'2016-01-13 16:46:38.203874','164','Ian McDiarmid',1,'',9,1),(491,'2016-01-13 16:47:02.282475','93','Oscar',1,'',14,1),(492,'2016-01-13 16:47:14.158346','94','BAFTA',1,'',14,1),(493,'2016-01-13 16:47:26.841695','95','Saturn',1,'',14,1),(494,'2016-01-13 16:47:41.189153','96','Saturn',1,'',14,1),(495,'2016-01-13 16:47:55.897527','97','Saturn',1,'',14,1),(496,'2016-01-13 16:52:32.496162','11','Gwiezdne wojny: Część IV - Nowa nadzieja',2,'Zmieniono org_title',7,1),(497,'2016-01-13 17:52:40.149315','14','Gwiezdne wojny: Część I - Mroczne widmo',1,'',7,1),(498,'2016-01-13 17:53:17.896170','25','Adventure',1,'',12,1),(499,'2016-01-13 17:53:23.818316','26','SciFi',1,'',12,1),(500,'2016-01-13 17:53:42.056330','13','George Lucas',1,'',10,1),(501,'2016-01-13 17:54:53.294129','75','Hugh Quarshie',1,'',8,1),(502,'2016-01-13 17:55:43.350278','76','Oliver Davies',1,'',8,1),(503,'2016-01-13 17:56:24.661002','77','Pernilla August',1,'',8,1),(504,'2016-01-13 17:57:01.857529','78','Jake Lloyd',1,'',8,1),(505,'2016-01-13 17:57:55.868533','79','Natalie Portman',1,'',8,1),(506,'2016-01-13 17:58:33.540479','80','Ewan McGregor',1,'',8,1),(507,'2016-01-13 17:59:13.113579','81','Liam Neeson',1,'',8,1),(508,'2016-01-13 17:59:56.151523','165','Liam Neeson',1,'',9,1),(509,'2016-01-13 18:00:10.369462','166','Ewan McGregor',1,'',9,1),(510,'2016-01-13 18:00:24.591569','167','Natalie Portman',1,'',9,1),(511,'2016-01-13 18:00:38.210848','168','Jake Lloyd',1,'',9,1),(512,'2016-01-13 18:00:52.539613','169','Ian McDiarmid',1,'',9,1),(513,'2016-01-13 18:01:05.953429','170','Pernilla August',1,'',9,1),(514,'2016-01-13 18:01:19.506554','171','Oliver Davies',1,'',9,1),(515,'2016-01-13 18:01:34.248095','172','Hugh Quarshie',1,'',9,1),(516,'2016-01-13 18:02:03.848084','98','Saturn',1,'',14,1),(517,'2016-01-13 18:02:13.849076','99','Saturn',1,'',14,1),(518,'2016-01-13 18:02:42.392770','100','Golden Satellite',1,'',14,1),(519,'2016-01-13 18:02:55.158917','101','Golden Popcorn',1,'',14,1),(520,'2016-01-13 18:04:39.643707','14','Gwiezdne wojny: Część I - Mroczne widmo',2,'Zmieniono trailer',7,1),(521,'2016-01-13 18:08:20.797220','15','Gwiezdne wojny: Część II - Atak klonów',1,'',7,1),(522,'2016-01-13 18:09:07.045052','14','George Lucas',1,'',10,1),(523,'2016-01-13 18:09:33.684184','173','Ewan McGregor',1,'',9,1),(524,'2016-01-13 18:09:46.675670','174','Natalie Portman',1,'',9,1),(525,'2016-01-13 18:10:00.748196','175','Christopher Lee',1,'',9,1),(526,'2016-01-13 18:10:19.327252','176','Ian McDiarmid',1,'',9,1),(527,'2016-01-13 18:10:32.017475','177','Pernilla August',1,'',9,1),(528,'2016-01-13 18:11:38.541633','82','Frank Oz',1,'',8,1),(529,'2016-01-13 18:12:26.308867','83','Samuel L. Jackson',1,'',8,1),(530,'2016-01-13 18:13:44.864504','84','Hayden Christensen',1,'',8,1),(531,'2016-01-13 18:14:07.064405','178','Hayden Christensen',1,'',9,1),(532,'2016-01-13 18:14:23.112698','179','Samuel L. Jackson',1,'',9,1),(533,'2016-01-13 18:14:36.858023','180','Frank Oz',1,'',9,1),(534,'2016-01-13 18:15:01.484607','27','SciFi',1,'',12,1),(535,'2016-01-13 18:15:07.222922','28','Adventure',1,'',12,1),(536,'2016-01-13 18:15:50.951997','102','Saturn',1,'',14,1),(537,'2016-01-13 18:16:03.898778','103','Saturn',1,'',14,1),(538,'2016-01-13 18:16:26.144953','104','Golden Satellite',1,'',14,1),(539,'2016-01-13 18:16:39.487903','105','Golden Popcorn',1,'',14,1),(540,'2016-01-13 18:18:58.076923','16','Gwiezdne wojny: Część III - Zemsta Sithów',1,'',7,1),(541,'2016-01-13 18:19:09.322991','29','SciFi',1,'',12,1),(542,'2016-01-13 18:19:14.687761','30','Adventure',1,'',12,1),(543,'2016-01-13 18:19:37.437022','15','George Lucas',1,'',10,1),(544,'2016-01-13 18:20:04.878110','181','Hayden Christensen',1,'',9,1),(545,'2016-01-13 18:20:17.650691','182','Ewan McGregor',1,'',9,1),(546,'2016-01-13 18:20:31.823725','183','Natalie Portman',1,'',9,1),(547,'2016-01-13 18:20:45.782188','184','Ian McDiarmid',1,'',9,1),(548,'2016-01-13 18:20:59.488226','185','Samuel L. Jackson',1,'',9,1),(549,'2016-01-13 18:21:12.838289','186','Frank Oz',1,'',9,1),(550,'2016-01-13 18:21:28.708897','187','Anthony Daniels',1,'',9,1),(551,'2016-01-13 18:22:51.516945','106','Saturn',1,'',14,1),(552,'2016-01-13 18:23:03.281893','107','Saturn',1,'',14,1),(553,'2016-01-13 18:23:22.982989','108','Golden Satellite',1,'',14,1),(554,'2016-01-13 18:23:38.039278','109','Golden Satellite',1,'',14,1),(555,'2016-01-13 18:23:49.641126','110','Golden Popcorn',1,'',14,1),(556,'2016-01-13 18:51:25.217832','17','Mission: Impossible - Rogue Nation',1,'',7,1),(557,'2016-01-13 19:24:40.204843','85','Simon McBurney',1,'',8,1),(558,'2016-01-13 19:25:26.915172','86','Sean Harris',1,'',8,1),(559,'2016-01-13 19:26:09.559632','87','Alec Baldwin',1,'',8,1),(560,'2016-01-13 19:26:52.732740','88','Ving Rhames',1,'',8,1),(561,'2016-01-13 19:27:42.018704','89','Rebecca Ferguson',1,'',8,1),(562,'2016-01-13 19:28:24.083977','90','Simon Pegg',1,'',8,1),(563,'2016-01-13 19:29:05.581068','91','Jeremy Renner',1,'',8,1),(564,'2016-01-13 19:29:49.814986','92','Christopher McQuarrie',1,'',8,1),(565,'2016-01-13 19:30:31.150282','16','Christopher McQuarrie',1,'',10,1),(566,'2016-01-13 19:30:56.976787','188','Tom Cruise',1,'',9,1),(567,'2016-01-13 19:31:11.558414','189','Jeremy Renner',1,'',9,1),(568,'2016-01-13 19:31:26.673149','190','Simon Pegg',1,'',9,1),(569,'2016-01-13 19:31:40.876111','191','Rebecca Ferguson',1,'',9,1),(570,'2016-01-13 19:31:54.097368','192','Ving Rhames',1,'',9,1),(571,'2016-01-13 19:32:09.341297','193','Alec Baldwin',1,'',9,1),(572,'2016-01-13 19:32:24.097635','194','Sean Harris',1,'',9,1),(573,'2016-01-13 19:32:39.057712','195','Simon McBurney',1,'',9,1),(574,'2016-01-13 19:34:15.500470','8','Action',1,'',11,1),(575,'2016-01-13 19:34:21.240991','31','Action',1,'',12,1),(576,'2016-01-13 19:37:02.860851','18','Mission: Impossible - Ghost Protocol',1,'',7,1),(577,'2016-01-13 19:37:25.603041','32','Action',1,'',12,1),(578,'2016-01-13 19:38:59.883461','93','Ivan Shvedoff',1,'',8,1),(579,'2016-01-13 19:39:43.015666','94','Samuli Edelmann',1,'',8,1),(580,'2016-01-13 19:40:22.082488','95','Vladimir Mashkov',1,'',8,1),(581,'2016-01-13 19:41:01.036518','96','Michael Nyqvist',1,'',8,1),(582,'2016-01-13 19:41:41.154207','97','Paula Patton',1,'',8,1),(583,'2016-01-13 19:42:28.339057','98','Brad Bird',1,'',8,1),(584,'2016-01-13 19:42:51.196802','17','Brad Bird',1,'',10,1),(585,'2016-01-13 19:43:13.067558','196','Paula Patton',1,'',9,1),(586,'2016-01-13 19:43:32.319588','197','Michael Nyqvist',1,'',9,1),(587,'2016-01-13 19:43:47.667477','198','Vladimir Mashkov',1,'',9,1),(588,'2016-01-13 19:44:03.566199','199','Samuli Edelmann',1,'',9,1),(589,'2016-01-13 19:44:18.375340','200','Ivan Shvedoff',1,'',9,1),(590,'2016-01-13 19:44:39.066862','201','Tom Cruise',1,'',9,1),(591,'2016-01-13 19:44:58.620159','202','Simon Pegg',1,'',9,1),(592,'2016-01-13 19:45:12.135629','203','Jeremy Renner',1,'',9,1),(593,'2016-01-13 19:46:51.625410','111','Saturn',1,'',14,1),(594,'2016-01-13 19:47:03.054958','112','Saturn',1,'',14,1),(595,'2016-01-13 19:47:15.318219','33','Adventure',1,'',12,1),(596,'2016-01-13 19:47:39.080131','34','Adventure',1,'',12,1),(597,'2016-01-13 19:52:53.147322','19','Mission: Impossible III',1,'',7,1),(598,'2016-01-13 19:57:26.307255','99','Billy Crudup',1,'',8,1),(599,'2016-01-13 19:58:17.496244','100','Jonathan Rhys Meyers',1,'',8,1),(600,'2016-01-13 19:58:58.753282','101','Maggie Q',1,'',8,1),(601,'2016-01-13 19:59:52.072149','102','Keri Russell',1,'',8,1),(602,'2016-01-13 20:00:33.512245','103','Michelle Monaghan',1,'',8,1),(603,'2016-01-13 20:01:28.718259','104','Philip Seymour Hoffman',1,'',8,1),(604,'2016-01-13 20:02:43.537612','105','Jeffrey Jacob Abrams',1,'',8,1),(605,'2016-01-13 20:03:21.024913','18','Jeffrey Jacob Abrams',1,'',10,1),(606,'2016-01-13 20:04:06.488466','204','Tom Cruise',1,'',9,1),(607,'2016-01-13 20:04:20.457349','205','Philip Seymour Hoffman',1,'',9,1),(608,'2016-01-13 20:04:36.739733','206','Ving Rhames',1,'',9,1),(609,'2016-01-13 20:04:51.003022','207','Michelle Monaghan',1,'',9,1),(610,'2016-01-13 20:05:05.319598','208','Keri Russell',1,'',9,1),(611,'2016-01-13 20:05:16.769706','209','Maggie Q',1,'',9,1),(612,'2016-01-13 20:05:32.375068','210','Jonathan Rhys Meyers',1,'',9,1),(613,'2016-01-13 20:05:51.979335','211','Billy Crudup',1,'',9,1),(614,'2016-01-13 20:06:18.680711','35','Adventure',1,'',12,1),(615,'2016-01-13 20:06:24.035035','36','Action',1,'',12,1),(616,'2016-01-13 20:46:10.032156','20','Niepamięć',1,'',7,1),(617,'2016-01-13 20:46:29.806797','37','SciFi',1,'',12,1),(618,'2016-01-13 20:46:35.467919','38','Action',1,'',12,1),(619,'2016-01-13 20:47:48.924966','106','Zoë Bell',1,'',8,1),(620,'2016-01-13 20:48:30.282545','107','Melissa Leo',1,'',8,1),(621,'2016-01-13 20:49:20.730271','108','Nikolaj Coster-Waldau',1,'',8,1),(622,'2016-01-13 20:50:18.990977','109','Andrea Riseborough',1,'',8,1),(623,'2016-01-13 20:51:07.704286','110','Olga Kurylenko',1,'',8,1),(624,'2016-01-13 20:51:51.730506','111','Joseph Kosinski',1,'',8,1),(625,'2016-01-13 20:52:15.896481','19','Joseph Kosinski',1,'',10,1),(626,'2016-01-13 20:52:37.552089','212','Tom Cruise',1,'',9,1),(627,'2016-01-13 20:52:53.777294','213','Morgan Freeman',1,'',9,1),(628,'2016-01-13 20:53:05.964198','214','Olga Kurylenko',1,'',9,1),(629,'2016-01-13 20:53:18.970159','215','Andrea Riseborough',1,'',9,1),(630,'2016-01-13 20:53:33.877428','216','Nikolaj Coster-Waldau',1,'',9,1),(631,'2016-01-13 20:53:47.419944','217','Melissa Leo',1,'',9,1),(632,'2016-01-13 20:54:26.686647','106','Zoe Bell',2,'Zmieniono first_name',8,1),(633,'2016-01-13 20:54:41.342468','219','Zoe Bell',1,'',9,1),(634,'2016-01-13 21:10:05.968651','21','Transcendencja',1,'',7,1),(635,'2016-01-13 21:10:23.158505','39','Drama',1,'',12,1),(636,'2016-01-13 21:10:28.667733','40','SciFi',1,'',12,1),(637,'2016-01-13 21:11:36.718574','112','Clifton Collins Jr.',1,'',8,1),(638,'2016-01-13 21:12:13.262962','113','Cole Hauser',1,'',8,1),(639,'2016-01-13 21:12:47.395482','114','Kate Mara',1,'',8,1),(640,'2016-01-13 21:13:22.936803','115','Cillian Murphy',1,'',8,1),(641,'2016-01-13 21:13:54.808697','116','Paul Bettany',1,'',8,1),(642,'2016-01-13 21:14:31.637626','117','Rebecca Hall',1,'',8,1),(643,'2016-01-13 21:15:10.469111','118','Johnny Depp',1,'',8,1),(644,'2016-01-13 21:15:55.611991','119','Wally Pfister',1,'',8,1),(645,'2016-01-13 21:16:13.938525','20','Wally Pfister',1,'',10,1),(646,'2016-01-13 21:16:33.281309','220','Johnny Depp',1,'',9,1),(647,'2016-01-13 21:16:49.028591','221','Rebecca Hall',1,'',9,1),(648,'2016-01-13 21:17:02.003003','222','Morgan Freeman',1,'',9,1),(649,'2016-01-13 21:17:18.772722','223','Paul Bettany',1,'',9,1),(650,'2016-01-13 21:17:34.059982','224','Cillian Murphy',1,'',9,1),(651,'2016-01-13 21:17:45.998130','225','Kate Mara',1,'',9,1),(652,'2016-01-13 21:18:01.974271','226','Cole Hauser',1,'',9,1),(653,'2016-01-13 21:18:15.452959','227','Clifton Collins Jr.',1,'',9,1);
/*!40000 ALTER TABLE `django_admin_log` ENABLE KEYS */;
UNLOCK TABLES;

--
-- Table structure for table `django_content_type`
--

DROP TABLE IF EXISTS `django_content_type`;
/*!40101 SET @saved_cs_client     = @@character_set_client */;
/*!40101 SET character_set_client = utf8 */;
CREATE TABLE `django_content_type` (
  `id` int(11) NOT NULL AUTO_INCREMENT,
  `app_label` varchar(100) COLLATE utf8_polish_ci NOT NULL,
  `model` varchar(100) COLLATE utf8_polish_ci NOT NULL,
  PRIMARY KEY (`id`),
  UNIQUE KEY `django_content_type_app_label_45f3b1d93ec8c61c_uniq` (`app_label`,`model`)
) ENGINE=InnoDB AUTO_INCREMENT=23 DEFAULT CHARSET=utf8 COLLATE=utf8_polish_ci;
/*!40101 SET character_set_client = @saved_cs_client */;

--
-- Dumping data for table `django_content_type`
--

LOCK TABLES `django_content_type` WRITE;
/*!40000 ALTER TABLE `django_content_type` DISABLE KEYS */;
INSERT INTO `django_content_type` VALUES (16,'Accounts','user'),(1,'admin','logentry'),(3,'auth','group'),(2,'auth','permission'),(17,'auth','user'),(5,'contenttypes','contenttype'),(11,'Genres','genre'),(12,'Genres','moviegenre'),(21,'Movies','commentmovie'),(7,'Movies','movie'),(22,'Movies','ratemovie'),(9,'Persons','actor'),(20,'Persons','commentperson'),(10,'Persons','director'),(8,'Persons','person'),(19,'registration','registrationprofile'),(14,'Rewards','moviereward'),(15,'Rewards','personreward'),(13,'Rewards','reward'),(6,'sessions','session'),(18,'sites','site');
/*!40000 ALTER TABLE `django_content_type` ENABLE KEYS */;
UNLOCK TABLES;

--
-- Table structure for table `django_migrations`
--

DROP TABLE IF EXISTS `django_migrations`;
/*!40101 SET @saved_cs_client     = @@character_set_client */;
/*!40101 SET character_set_client = utf8 */;
CREATE TABLE `django_migrations` (
  `id` int(11) NOT NULL AUTO_INCREMENT,
  `app` varchar(255) COLLATE utf8_polish_ci NOT NULL,
  `name` varchar(255) COLLATE utf8_polish_ci NOT NULL,
  `applied` datetime(6) NOT NULL,
  PRIMARY KEY (`id`)
) ENGINE=InnoDB AUTO_INCREMENT=16 DEFAULT CHARSET=utf8 COLLATE=utf8_polish_ci;
/*!40101 SET character_set_client = @saved_cs_client */;

--
-- Dumping data for table `django_migrations`
--

LOCK TABLES `django_migrations` WRITE;
/*!40000 ALTER TABLE `django_migrations` DISABLE KEYS */;
INSERT INTO `django_migrations` VALUES (1,'contenttypes','0001_initial','2015-11-15 16:24:37.091046'),(2,'auth','0001_initial','2015-11-15 16:24:39.186157'),(3,'admin','0001_initial','2015-11-15 16:24:39.743167'),(4,'contenttypes','0002_remove_content_type_name','2015-11-15 16:24:40.130028'),(5,'auth','0002_alter_permission_name_max_length','2015-11-15 16:24:40.358906'),(6,'auth','0003_alter_user_email_max_length','2015-11-15 16:24:40.622094'),(7,'auth','0004_alter_user_username_opts','2015-11-15 16:24:40.647225'),(8,'auth','0005_alter_user_last_login_null','2015-11-15 16:24:40.824119'),(9,'auth','0006_require_contenttypes_0002','2015-11-15 16:24:40.841380'),(10,'sessions','0001_initial','2015-11-15 16:24:41.046948'),(11,'Movies','0001_initial','2015-11-15 17:16:25.907687'),(12,'registration','0001_initial','2015-11-16 16:40:35.516996'),(13,'sites','0001_initial','2015-11-16 16:40:35.615290'),(14,'Movies','0002_commentmovie','2015-11-17 07:43:31.470108'),(15,'Movies','0003_ratemovie','2015-11-29 15:54:18.405854');
/*!40000 ALTER TABLE `django_migrations` ENABLE KEYS */;
UNLOCK TABLES;

--
-- Table structure for table `django_session`
--

DROP TABLE IF EXISTS `django_session`;
/*!40101 SET @saved_cs_client     = @@character_set_client */;
/*!40101 SET character_set_client = utf8 */;
CREATE TABLE `django_session` (
  `session_key` varchar(40) COLLATE utf8_polish_ci NOT NULL,
  `session_data` longtext COLLATE utf8_polish_ci NOT NULL,
  `expire_date` datetime(6) NOT NULL,
  PRIMARY KEY (`session_key`),
  KEY `django_session_de54fa62` (`expire_date`)
) ENGINE=InnoDB DEFAULT CHARSET=utf8 COLLATE=utf8_polish_ci;
/*!40101 SET character_set_client = @saved_cs_client */;

--
-- Dumping data for table `django_session`
--

LOCK TABLES `django_session` WRITE;
/*!40000 ALTER TABLE `django_session` DISABLE KEYS */;
INSERT INTO `django_session` VALUES ('hk56he7v8jteyk7x0ssf4zgzta4cwb1s','MzM3YzU3YmQ2NDU3ZjRjMzJiYzViMTc4YjNjMTFlOWFmMzJhZGMwMDp7Il9hdXRoX3VzZXJfaGFzaCI6IjBmMWNjNGQ0YTRmMmU2N2U3ODg4NjU0YTYzMGY0ODFlZmIxZTQ2ZjgiLCJfYXV0aF91c2VyX2JhY2tlbmQiOiJkamFuZ28uY29udHJpYi5hdXRoLmJhY2tlbmRzLk1vZGVsQmFja2VuZCIsIl9hdXRoX3VzZXJfaWQiOiIxIn0=','2015-12-03 10:12:57.685686'),('hx9kfv7uvjn6slai50sfjm18ij1nq7zy','MzM3YzU3YmQ2NDU3ZjRjMzJiYzViMTc4YjNjMTFlOWFmMzJhZGMwMDp7Il9hdXRoX3VzZXJfaGFzaCI6IjBmMWNjNGQ0YTRmMmU2N2U3ODg4NjU0YTYzMGY0ODFlZmIxZTQ2ZjgiLCJfYXV0aF91c2VyX2JhY2tlbmQiOiJkamFuZ28uY29udHJpYi5hdXRoLmJhY2tlbmRzLk1vZGVsQmFja2VuZCIsIl9hdXRoX3VzZXJfaWQiOiIxIn0=','2016-01-21 13:05:45.312269'),('nt7ujdyivq2url5wlk44a8p1v86s8os6','MzM3YzU3YmQ2NDU3ZjRjMzJiYzViMTc4YjNjMTFlOWFmMzJhZGMwMDp7Il9hdXRoX3VzZXJfaGFzaCI6IjBmMWNjNGQ0YTRmMmU2N2U3ODg4NjU0YTYzMGY0ODFlZmIxZTQ2ZjgiLCJfYXV0aF91c2VyX2JhY2tlbmQiOiJkamFuZ28uY29udHJpYi5hdXRoLmJhY2tlbmRzLk1vZGVsQmFja2VuZCIsIl9hdXRoX3VzZXJfaWQiOiIxIn0=','2015-12-15 08:41:25.295235'),('xnt5t6dzzquol4bxf17ci6d0z9ni2eeo','MzM3YzU3YmQ2NDU3ZjRjMzJiYzViMTc4YjNjMTFlOWFmMzJhZGMwMDp7Il9hdXRoX3VzZXJfaGFzaCI6IjBmMWNjNGQ0YTRmMmU2N2U3ODg4NjU0YTYzMGY0ODFlZmIxZTQ2ZjgiLCJfYXV0aF91c2VyX2JhY2tlbmQiOiJkamFuZ28uY29udHJpYi5hdXRoLmJhY2tlbmRzLk1vZGVsQmFja2VuZCIsIl9hdXRoX3VzZXJfaWQiOiIxIn0=','2015-11-29 17:17:05.671519');
/*!40000 ALTER TABLE `django_session` ENABLE KEYS */;
UNLOCK TABLES;

--
-- Table structure for table `django_site`
--

DROP TABLE IF EXISTS `django_site`;
/*!40101 SET @saved_cs_client     = @@character_set_client */;
/*!40101 SET character_set_client = utf8 */;
CREATE TABLE `django_site` (
  `id` int(11) NOT NULL AUTO_INCREMENT,
  `domain` varchar(100) COLLATE utf8_polish_ci NOT NULL,
  `name` varchar(50) COLLATE utf8_polish_ci NOT NULL,
  PRIMARY KEY (`id`)
) ENGINE=InnoDB AUTO_INCREMENT=3 DEFAULT CHARSET=utf8 COLLATE=utf8_polish_ci;
/*!40101 SET character_set_client = @saved_cs_client */;

--
-- Dumping data for table `django_site`
--

LOCK TABLES `django_site` WRITE;
/*!40000 ALTER TABLE `django_site` DISABLE KEYS */;
INSERT INTO `django_site` VALUES (2,'http://127.0.0.1:8000/','Movies');
/*!40000 ALTER TABLE `django_site` ENABLE KEYS */;
UNLOCK TABLES;

--
-- Table structure for table `registration_registrationprofile`
--

DROP TABLE IF EXISTS `registration_registrationprofile`;
/*!40101 SET @saved_cs_client     = @@character_set_client */;
/*!40101 SET character_set_client = utf8 */;
CREATE TABLE `registration_registrationprofile` (
  `id` int(11) NOT NULL AUTO_INCREMENT,
  `activation_key` varchar(40) COLLATE utf8_polish_ci NOT NULL,
  `user_id` int(11) NOT NULL,
  PRIMARY KEY (`id`),
  UNIQUE KEY `user_id` (`user_id`),
  CONSTRAINT `registration_registratio_user_id_e84782b3f7685bb_fk_auth_user_id` FOREIGN KEY (`user_id`) REFERENCES `auth_user` (`id`)
) ENGINE=InnoDB AUTO_INCREMENT=2 DEFAULT CHARSET=utf8 COLLATE=utf8_polish_ci;
/*!40101 SET character_set_client = @saved_cs_client */;

--
-- Dumping data for table `registration_registrationprofile`
--

LOCK TABLES `registration_registrationprofile` WRITE;
/*!40000 ALTER TABLE `registration_registrationprofile` DISABLE KEYS */;
INSERT INTO `registration_registrationprofile` VALUES (1,'ALREADY_ACTIVATED',12);
/*!40000 ALTER TABLE `registration_registrationprofile` ENABLE KEYS */;
UNLOCK TABLES;

--
-- Temporary view structure for view `view1`
--

DROP TABLE IF EXISTS `view1`;
/*!50001 DROP VIEW IF EXISTS `view1`*/;
SET @saved_cs_client     = @@character_set_client;
SET character_set_client = utf8;
/*!50001 CREATE VIEW `view1` AS SELECT 
 1 AS `id`,
 1 AS `title`,
 1 AS `org_title`*/;
SET character_set_client = @saved_cs_client;

--
-- Temporary view structure for view `view2`
--

DROP TABLE IF EXISTS `view2`;
/*!50001 DROP VIEW IF EXISTS `view2`*/;
SET @saved_cs_client     = @@character_set_client;
SET character_set_client = utf8;
/*!50001 CREATE VIEW `view2` AS SELECT 
 1 AS `id`,
 1 AS `first_name`,
 1 AS `last_name`*/;
SET character_set_client = @saved_cs_client;

--
-- Final view structure for view `view1`
--

/*!50001 DROP VIEW IF EXISTS `view1`*/;
/*!50001 SET @saved_cs_client          = @@character_set_client */;
/*!50001 SET @saved_cs_results         = @@character_set_results */;
/*!50001 SET @saved_col_connection     = @@collation_connection */;
/*!50001 SET character_set_client      = utf8 */;
/*!50001 SET character_set_results     = utf8 */;
/*!50001 SET collation_connection      = utf8_general_ci */;
/*!50001 CREATE ALGORITHM=UNDEFINED */
/*!50013 DEFINER=`root`@`localhost` SQL SECURITY DEFINER */
/*!50001 VIEW `view1` AS select `Movies_movie`.`id` AS `id`,`Movies_movie`.`title` AS `title`,`Movies_movie`.`org_title` AS `org_title` from `Movies_movie` where (`Movies_movie`.`id` > 0) */;
/*!50001 SET character_set_client      = @saved_cs_client */;
/*!50001 SET character_set_results     = @saved_cs_results */;
/*!50001 SET collation_connection      = @saved_col_connection */;

--
-- Final view structure for view `view2`
--

/*!50001 DROP VIEW IF EXISTS `view2`*/;
/*!50001 SET @saved_cs_client          = @@character_set_client */;
/*!50001 SET @saved_cs_results         = @@character_set_results */;
/*!50001 SET @saved_col_connection     = @@collation_connection */;
/*!50001 SET character_set_client      = utf8 */;
/*!50001 SET character_set_results     = utf8 */;
/*!50001 SET collation_connection      = utf8_general_ci */;
/*!50001 CREATE ALGORITHM=UNDEFINED */
/*!50013 DEFINER=`root`@`localhost` SQL SECURITY DEFINER */
/*!50001 VIEW `view2` AS select `Persons_person`.`id` AS `id`,`Persons_person`.`first_name` AS `first_name`,`Persons_person`.`last_name` AS `last_name` from `Persons_person` where ((`Persons_person`.`id` % 2) = 0) */;
/*!50001 SET character_set_client      = @saved_cs_client */;
/*!50001 SET character_set_results     = @saved_cs_results */;
/*!50001 SET collation_connection      = @saved_col_connection */;
/*!40103 SET TIME_ZONE=@OLD_TIME_ZONE */;

/*!40101 SET SQL_MODE=@OLD_SQL_MODE */;
/*!40014 SET FOREIGN_KEY_CHECKS=@OLD_FOREIGN_KEY_CHECKS */;
/*!40014 SET UNIQUE_CHECKS=@OLD_UNIQUE_CHECKS */;
/*!40101 SET CHARACTER_SET_CLIENT=@OLD_CHARACTER_SET_CLIENT */;
/*!40101 SET CHARACTER_SET_RESULTS=@OLD_CHARACTER_SET_RESULTS */;
/*!40101 SET COLLATION_CONNECTION=@OLD_COLLATION_CONNECTION */;
/*!40111 SET SQL_NOTES=@OLD_SQL_NOTES */;

-- Dump completed on 2016-01-14 11:53:17
